date,tenor,term,value
2010-06-01,1Y,1,0.9954902330617672
2010-06-01,2Y,2,0.9907032742292924
2010-06-01,3Y,3,0.9851779534149548
2010-06-01,4Y,4,0.9783403211049343
2010-06-01,5Y,5,0.9695997788403865
2010-06-01,7Y,7,0.9445546522215647
2010-06-01,10Y,10,0.8883920657795639
2010-06-01,15Y,15,0.7807386717670415
2010-06-01,20Y,20,0.6858825632874728
2010-06-01,25Y,25,0.6088567995299984
2010-06-01,30Y,30,0.5451903568883423
2010-07-01,1Y,1,0.99571877573656
2010-07-01,2Y,2,0.9911878560929541
2010-07-01,3Y,3,0.9859455450794821
2010-07-01,4Y,4,0.9795125967362551
2010-07-01,5Y,5,0.9712576444224419
2010-07-01,7Y,7,0.9471468903211091
2010-07-01,10Y,10,0.8929189052056398
2010-07-01,15Y,15,0.7888747602878706
2010-07-01,20Y,20,0.6960506846356463
2010-07-01,25Y,25,0.6203886559866933
2010-07-01,30Y,30,0.5575858207327806
2010-08-01,1Y,1,0.9960318858986896
2010-08-01,2Y,2,0.9919825585921793
2010-08-01,3Y,3,0.9874445552122285
2010-08-01,4Y,4,0.981872655972666
2010-08-01,5Y,5,0.9745287757250708
2010-08-01,7Y,7,0.9520777959276544
2010-08-01,10Y,10,0.8997701970375608
2010-08-01,15Y,15,0.7989618770837282
2010-08-01,20Y,20,0.7080621045445109
2010-08-01,25Y,25,0.6328447329894572
2010-08-01,30Y,30,0.5697415353577384
2010-09-01,1Y,1,0.996121416017708
2010-09-01,2Y,2,0.9923097746433253
2010-09-01,3Y,3,0.988096322075171
2010-09-01,4Y,4,0.9827713619355989
2010-09-01,5Y,5,0.9756856252283893
2010-09-01,7Y,7,0.9540747708639367
2010-09-01,10Y,10,0.9021496234116273
2010-09-01,15Y,15,0.7986225142749658
2010-09-01,20Y,20,0.7056559729619549
2010-09-01,25Y,25,0.6292791013071661
2010-09-01,30Y,30,0.5654167684745407
2010-10-01,1Y,1,0.9962506233292959
2010-10-01,2Y,2,0.9924853640378105
2010-10-01,3Y,3,0.9883179756254008
2010-10-01,4Y,4,0.983139702998977
2010-10-01,5Y,5,0.9762723773382443
2010-10-01,7Y,7,0.9551043876566204
2010-10-01,10Y,10,0.9029702678238065
2010-10-01,15Y,15,0.794893950627809
2010-10-01,20Y,20,0.6972343691647571
2010-10-01,25Y,25,0.6177354022801863
2010-10-01,30Y,30,0.5515160033234533
2010-11-01,1Y,1,0.9962803039296176
2010-11-01,2Y,2,0.9920678923322711
2010-11-01,3Y,3,0.9867344775020392
2010-11-01,4Y,4,0.9796349633421971
2010-11-01,5Y,5,0.9700520604233954
2010-11-01,7Y,7,0.9418422916973777
2010-11-01,10Y,10,0.881958887812809
2010-11-01,15Y,15,0.7697503548661302
2010-11-01,20Y,20,0.6718172219134712
2010-11-01,25Y,25,0.5927724239454446
2010-11-01,30Y,30,0.527531713470763
2010-12-01,1Y,1,0.9964592625723351
2010-12-01,2Y,2,0.9923723619620431
2010-12-01,3Y,3,0.9873315530932701
2010-12-01,4Y,4,0.9807721334428021
2010-12-01,5Y,5,0.971828096199797
2010-12-01,7Y,7,0.9451101212121391
2010-12-01,10Y,10,0.8890211332443666
2010-12-01,15Y,15,0.7824571475026375
2010-12-01,20Y,20,0.6889651658277564
2010-12-01,25Y,25,0.6146656255532633
2010-12-01,30Y,30,0.5542419858247365
2011-01-01,1Y,1,0.9962503165126122
2011-01-01,2Y,2,0.9917328744511194
2011-01-01,3Y,3,0.9858899029346964
2011-01-01,4Y,4,0.9782436250545877
2011-01-01,5Y,5,0.9682278359039093
2011-01-01,7Y,7,0.9395851351932001
2011-01-01,10Y,10,0.8798536362161021
2011-01-01,15Y,15,0.7684298857330615
2011-01-01,20Y,20,0.6710707127792177
2011-01-01,25Y,25,0.5925913594724351
2011-01-01,30Y,30,0.5276848751282822
2011-02-01,1Y,1,0.9960811813360851
2011-02-01,2Y,2,0.9911952940915582
2011-02-01,3Y,3,0.9848203416649203
2011-02-01,4Y,4,0.9765566959621993
2011-02-01,5Y,5,0.9657841710880519
2011-02-01,7Y,7,0.9354509706266444
2011-02-01,10Y,10,0.8742203076814452
2011-02-01,15Y,15,0.7599955530771141
2011-02-01,20Y,20,0.660705910705297
2011-02-01,25Y,25,0.5811621302591194
2011-02-01,30Y,30,0.5160177343159862
2011-03-01,1Y,1,0.9963746862669687
2011-03-01,2Y,2,0.9921070799747896
2011-03-01,3Y,3,0.9865702728744642
2011-03-01,4Y,4,0.979059932705117
2011-03-01,5Y,5,0.9688812781059593
2011-03-01,7Y,7,0.939182779336054
2011-03-01,10Y,10,0.8763499433381872
2011-03-01,15Y,15,0.7594605907463172
2011-03-01,20Y,20,0.6576607597403086
2011-03-01,25Y,25,0.5754412051069929
2011-03-01,30Y,30,0.5077446449994014
2011-04-01,1Y,1,0.9964445810920818
2011-04-01,2Y,2,0.9926555409057376
2011-04-01,3Y,3,0.9877012553186336
2011-04-01,4Y,4,0.9807534056429141
2011-04-01,5Y,5,0.9711595056592176
2011-04-01,7Y,7,0.9429452919117921
2011-04-01,10Y,10,0.8796398638307045
2011-04-01,15Y,15,0.7580442528474087
2011-04-01,20Y,20,0.6601805716074248
2011-04-01,25Y,25,0.5802439832248317
2011-04-01,30Y,30,0.5151705274993501
2011-05-01,1Y,1,0.9964941513982885
2011-05-01,2Y,2,0.9925833086529139
2011-05-01,3Y,3,0.9876471394005899
2011-05-01,4Y,4,0.9809343073767021
2011-05-01,5Y,5,0.9717399716120934
2011-05-01,7Y,7,0.9444155066929076
2011-05-01,10Y,10,0.88552692362167
2011-05-01,15Y,15,0.7727630442612803
2011-05-01,20Y,20,0.6730013900109509
2011-05-01,25Y,25,0.5919142084853882
2011-05-01,30Y,30,0.5247048306847382
2011-06-01,1Y,1,0.996364797732346
2011-06-01,2Y,2,0.9922810354858196
2011-06-01,3Y,3,0.9872927579859397
2011-06-01,4Y,4,0.9808030550168318
2011-06-01,5Y,5,0.9720657953062792
2011-06-01,7Y,7,0.9458736789751252
2011-06-01,10Y,10,0.8888059419519098
2011-06-01,15Y,15,0.77852285363268
2011-06-01,20Y,20,0.6802235849231272
2011-06-01,25Y,25,0.5998938289375083
2011-06-01,30Y,30,0.5327073637843183
2011-07-01,1Y,1,0.996529018389403
2011-07-01,2Y,2,0.9928837911617354
2011-07-01,3Y,3,0.9886668041020756
2011-07-01,4Y,4,0.9831568635340355
2011-07-01,5Y,5,0.9755267880032532
2011-07-01,7Y,7,0.9517825104539523
2011-07-01,10Y,10,0.8970887731177986
2011-07-01,15Y,15,0.7894118072586217
2011-07-01,20Y,20,0.6927569351874627
2011-07-01,25Y,25,0.6135687007224678
2011-07-01,30Y,30,0.5475460684503023
2011-08-01,1Y,1,0.9966883715390201
2011-08-01,2Y,2,0.9934321226268411
2011-08-01,3Y,3,0.9896207962298508
2011-08-01,4Y,4,0.9844850548642927
2011-08-01,5Y,5,0.9772572653464812
2011-08-01,7Y,7,0.9543925370598024
2011-08-01,10Y,10,0.9010028301691125
2011-08-01,15Y,15,0.7947370721944959
2011-08-01,20Y,20,0.699810990562799
2011-08-01,25Y,25,0.6226446246620196
2011-08-01,30Y,30,0.5584129965661129
2011-09-01,1Y,1,0.996663326152617
2011-09-01,2Y,2,0.993084334551199
2011-09-01,3Y,3,0.988843832283864
2011-09-01,4Y,4,0.9833698358229224
2011-09-01,5Y,5,0.9759968139939321
2011-09-01,7Y,7,0.9534840644106249
2011-09-01,10Y,10,0.9019167692313084
2011-09-01,15Y,15,0.8004183043632698
2011-09-01,20Y,20,0.7095957367876456
2011-09-01,25Y,25,0.635776697575827
2011-09-01,30Y,30,0.5743985144389628
2011-10-01,1Y,1,0.9966882175069296
2011-10-01,2Y,2,0.9931786479592792
2011-10-01,3Y,3,0.9890466180166321
2011-10-01,4Y,4,0.9836650595248797
2011-10-01,5Y,5,0.976333722406679
2011-10-01,7Y,7,0.953631243327511
2011-10-01,10Y,10,0.9013236368335573
2011-10-01,15Y,15,0.7975542866282359
2011-10-01,20Y,20,0.7037707620553507
2011-10-01,25Y,25,0.6273682667867712
2011-10-01,30Y,30,0.5638050952448366
2011-11-01,1Y,1,0.9961807087191757
2011-11-01,2Y,2,0.9918625705916612
2011-11-01,3Y,3,0.9869098028496927
2011-11-01,4Y,4,0.980855545799451
2011-11-01,5Y,5,0.9729034492730559
2011-11-01,7Y,7,0.949176784282267
2011-11-01,10Y,10,0.8963477506709517
2011-11-01,15Y,15,0.7923294935601412
2011-11-01,20Y,20,0.6990235836843408
2011-11-01,25Y,25,0.6236811709097415
2011-11-01,30Y,30,0.5612376789370409
2011-12-01,1Y,1,0.9964394691532416
2011-12-01,2Y,2,0.9926532284944488
2011-12-01,3Y,3,0.9884453965810827
2011-12-01,4Y,4,0.9833451771507317
2011-12-01,5Y,5,0.976475579095572
2011-12-01,7Y,7,0.9551179633848994
2011-12-01,10Y,10,0.9070008989607001
2011-12-01,15Y,15,0.8119182970303178
2011-12-01,20Y,20,0.7219213092299986
2011-12-01,25Y,25,0.6503972133278546
2011-12-01,30Y,30,0.5905901197916316
2012-01-01,1Y,1,0.996598648112358
2012-01-01,2Y,2,0.9929927482568431
2012-01-01,3Y,3,0.988933917511357
2012-01-01,4Y,4,0.9839366340386185
2012-01-01,5Y,5,0.977271771256172
2012-01-01,7Y,7,0.9564243909500755
2012-01-01,10Y,10,0.9073192324058443
2012-01-01,15Y,15,0.8058913400772874
2012-01-01,20Y,20,0.7134584385532594
2012-01-01,25Y,25,0.6375690397671587
2012-01-01,30Y,30,0.5742706217298694
2012-02-01,1Y,1,0.9966981783654496
2012-02-01,2Y,2,0.9932879771877161
2012-02-01,3Y,3,0.9893932962290574
2012-02-01,4Y,4,0.9843408181887334
2012-02-01,5Y,5,0.9774577994740271
2012-02-01,7Y,7,0.9559508409263855
2012-02-01,10Y,10,0.9048311254160469
2012-02-01,15Y,15,0.8002679731724158
2012-02-01,20Y,20,0.7048067347374584
2012-02-01,25Y,25,0.6260827487299268
2012-02-01,30Y,30,0.5604492433907672
2012-03-01,1Y,1,0.9966484168680207
2012-03-01,2Y,2,0.9930844100120222
2012-03-01,3Y,3,0.9888587428393287
2012-03-01,4Y,4,0.9833524489374583
2012-03-01,5Y,5,0.9758883267778915
2012-03-01,7Y,7,0.9530080900645556
2012-03-01,10Y,10,0.9006662106759548
2012-03-01,15Y,15,0.7941605956991734
2012-03-01,20Y,20,0.6970820141438545
2012-03-01,25Y,25,0.6170944052541766
2012-03-01,30Y,30,0.5505441869572022
2012-04-01,1Y,1,0.9967230603903217
2012-04-01,2Y,2,0.993359934974293
2012-04-01,3Y,3,0.9896608786828667
2012-04-01,4Y,4,0.9850793684231031
2012-04-01,5Y,5,0.9788394792217836
2012-04-01,7Y,7,0.9589570305218377
2012-04-01,10Y,10,0.9105814862478165
2012-04-01,15Y,15,0.809408608957491
2012-04-01,20Y,20,0.7142411678768543
2012-04-01,25Y,25,0.6350088483792269
2012-04-01,30Y,30,0.5688763254336554
2012-05-01,1Y,1,0.9966583981165912
2012-05-01,2Y,2,0.9932832139229292
2012-05-01,3Y,3,0.9896118204519528
2012-05-01,4Y,4,0.9851644563903177
2012-05-01,5Y,5,0.979423239212325
2012-05-01,7Y,7,0.9617304861117192
2012-05-01,10Y,10,0.9182973399041937
2012-05-01,15Y,15,0.8231212614492124
2012-05-01,20Y,20,0.7347068618670058
2012-05-01,25Y,25,0.6626251085364074
2012-05-01,30Y,30,0.6026471972534224
2012-06-01,1Y,1,0.996772847104959
2012-06-01,2Y,2,0.9935187695666721
2012-06-01,3Y,3,0.9899874916201394
2012-06-01,4Y,4,0.9857259182810744
2012-06-01,5Y,5,0.9801285808184365
2012-06-01,7Y,7,0.9626211503312735
2012-06-01,10Y,10,0.9189466383679595
2012-06-01,15Y,15,0.8203020043518557
2012-06-01,20Y,20,0.7264257960743965
2012-06-01,25Y,25,0.6485879768268766
2012-06-01,30Y,30,0.5839647002759616
2012-07-01,1Y,1,0.9970814991077166
2012-07-01,2Y,2,0.9943130691384265
2012-07-01,3Y,3,0.9913932728313625
2012-07-01,4Y,4,0.9877406135571323
2012-07-01,5Y,5,0.9827404108206165
2012-07-01,7Y,7,0.966462950990473
2012-07-01,10Y,10,0.9259435064250133
2012-07-01,15Y,15,0.8310797205327788
2012-07-01,20Y,20,0.7407155283972702
2012-07-01,25Y,25,0.6671997553103907
2012-07-01,30Y,30,0.606020344952693
2012-08-01,1Y,1,0.9970217478889826
2012-08-01,2Y,2,0.9941939485453628
2012-08-01,3Y,3,0.9911454946633046
2012-08-01,4Y,4,0.9872041545633472
2012-08-01,5Y,5,0.9817892780782034
2012-08-01,7Y,7,0.9647193643191198
2012-08-01,10Y,10,0.9219169274513622
2012-08-01,15Y,15,0.8248595096507043
2012-08-01,20Y,20,0.7312775232738639
2012-08-01,25Y,25,0.6542295545658615
2012-08-01,30Y,30,0.5905288363207054
2012-09-01,1Y,1,0.9972557884741721
2012-09-01,2Y,2,0.9947427443010354
2012-09-01,3Y,3,0.9920370642450903
2012-09-01,4Y,4,0.9885201344969711
2012-09-01,5Y,5,0.98359898972499
2012-09-01,7Y,7,0.9673874112183906
2012-09-01,10Y,10,0.9258016194891042
2012-09-01,15Y,15,0.8290282095746636
2012-09-01,20Y,20,0.7365902364901821
2012-09-01,25Y,25,0.6605141421794032
2012-09-01,30Y,30,0.5972730437588711
2012-10-01,1Y,1,0.9974250870870738
2012-10-01,2Y,2,0.9950506945462124
2012-10-01,3Y,3,0.9924829350925328
2012-10-01,4Y,4,0.98906302477358
2012-10-01,5Y,5,0.9841036916869997
2012-10-01,7Y,7,0.9673915835306631
2012-10-01,10Y,10,0.9245882241530886
2012-10-01,15Y,15,0.8235552831760116
2012-10-01,20Y,20,0.7258101074367213
2012-10-01,25Y,25,0.6446658543906805
2012-10-01,30Y,30,0.5767334298755382
2012-11-01,1Y,1,0.9975496298643846
2012-11-01,2Y,2,0.9953290382774355
2012-11-01,3Y,3,0.9929839750977851
2012-11-01,4Y,4,0.9899988379897152
2012-11-01,5Y,5,0.9857182351044504
2012-11-01,7Y,7,0.9705646753473595
2012-11-01,10Y,10,0.9285007912828268
2012-11-01,15Y,15,0.8295353443632537
2012-11-01,20Y,20,0.7270093032415877
2012-11-01,25Y,25,0.6397831155233022
2012-11-01,30Y,30,0.5754632730456393
2012-12-01,1Y,1,0.997808679341088
2012-12-01,2Y,2,0.9958909882166941
2012-12-01,3Y,3,0.9938074493737041
2012-12-01,4Y,4,0.9904954623346056
2012-12-01,5Y,5,0.9851203913012075
2012-12-01,7Y,7,0.9663928816813611
2012-12-01,10Y,10,0.9196151982641876
2012-12-01,15Y,15,0.8094274132829762
2012-12-01,20Y,20,0.7026583277843909
2012-12-01,25Y,25,0.6139696126666295
2012-12-01,30Y,30,0.5411447284075845
2013-01-01,1Y,1,0.9978435740109309
2013-01-01,2Y,2,0.995855993995193
2013-01-01,3Y,3,0.9936134811646878
2013-01-01,4Y,4,0.9904143809687517
2013-01-01,5Y,5,0.9854787456108486
2013-01-01,7Y,7,0.9679602739937979
2013-01-01,10Y,10,0.923256021117296
2013-01-01,15Y,15,0.8124984150518484
2013-01-01,20Y,20,0.7002305240267124
2013-01-01,25Y,25,0.6065095003834786
2013-01-01,30Y,30,0.5300503632111433
2013-02-01,1Y,1,0.9978485346321514
2013-02-01,2Y,2,0.9958136433449566
2013-02-01,3Y,3,0.9935539101200014
2013-02-01,4Y,4,0.9904793629472113
2013-02-01,5Y,5,0.9859355807220832
2013-02-01,7Y,7,0.9700929962743161
2013-02-01,10Y,10,0.9292631953818791
2013-02-01,15Y,15,0.8320816743376103
2013-02-01,20Y,20,0.7279009703782866
2013-02-01,25Y,25,0.6427508923560227
2013-02-01,30Y,30,0.5731153131480113
2013-03-01,1Y,1,0.9978036587924836
2013-03-01,2Y,2,0.9956195202252869
2013-03-01,3Y,3,0.9931018520276902
2013-03-01,4Y,4,0.9897809686758594
2013-03-01,5Y,5,0.9852115550255318
2013-03-01,7Y,7,0.9705928284511995
2013-03-01,10Y,10,0.9334444179834223
2013-03-01,15Y,15,0.8435868410740488
2013-03-01,20Y,20,0.7437977852792621
2013-03-01,25Y,25,0.6542645903415293
2013-03-01,30Y,30,0.581835012174496
2013-04-01,1Y,1,0.9975394917676991
2013-04-01,2Y,2,0.9947042677700254
2013-04-01,3Y,3,0.9910624465976654
2013-04-01,4Y,4,0.9864825142931486
2013-04-01,5Y,5,0.9808597141131441
2013-04-01,7Y,7,0.9649159491733147
2013-04-01,10Y,10,0.9280222907551182
2013-04-01,15Y,15,0.83486189385566
2013-04-01,20Y,20,0.738556096175468
2013-04-01,25Y,25,0.6527787781848863
2013-04-01,30Y,30,0.5744140956699207
2013-05-01,1Y,1,0.9974347661132487
2013-05-01,2Y,2,0.994085048100257
2013-05-01,3Y,3,0.9892673584437602
2013-05-01,4Y,4,0.9824089747851132
2013-05-01,5Y,5,0.9732693241811639
2013-05-01,7Y,7,0.9487788884949092
2013-05-01,10Y,10,0.9004387941277177
2013-05-01,15Y,15,0.7991294079675187
2013-05-01,20Y,20,0.700001985497131
2013-05-01,25Y,25,0.6162741540241571
2013-05-01,30Y,30,0.5467325860601492
2013-06-01,1Y,1,0.9974796503060113
2013-06-01,2Y,2,0.9944730968899131
2013-06-01,3Y,3,0.9903628365639409
2013-06-01,4Y,4,0.9842776251852551
2013-06-01,5Y,5,0.9757451435082404
2013-06-01,7Y,7,0.951022182519757
2013-06-01,10Y,10,0.9036770933838894
2013-06-01,15Y,15,0.8045994878100208
2013-06-01,20Y,20,0.7070464867337398
2013-06-01,25Y,25,0.6187928858327612
2013-06-01,30Y,30,0.5368315985698271
2013-07-01,1Y,1,0.997693908675729
2013-07-01,2Y,2,0.9949227045799032
2013-07-01,3Y,3,0.9911553798649584
2013-07-01,4Y,4,0.9857485232649915
2013-07-01,5Y,5,0.9780660422355427
2013-07-01,7Y,7,0.9549683785499018
2013-07-01,10Y,10,0.9058442975639404
2013-07-01,15Y,15,0.798189512209218
2013-07-01,20Y,20,0.694972267973401
2013-07-01,25Y,25,0.608949239250508
2013-07-01,30Y,30,0.5384881080665544
2013-08-01,1Y,1,0.9976240984646079
2013-08-01,2Y,2,0.994664119088718
2013-08-01,3Y,3,0.9907891122323664
2013-08-01,4Y,4,0.9856378564210785
2013-08-01,5Y,5,0.9786735995081721
2013-08-01,7Y,7,0.9577801087834498
2013-08-01,10Y,10,0.911484771902754
2013-08-01,15Y,15,0.809155921333111
2013-08-01,20Y,20,0.7061135985305701
2013-08-01,25Y,25,0.6201771116998388
2013-08-01,30Y,30,0.5502527103031837
2013-09-01,1Y,1,0.9977537204724213
2013-09-01,2Y,2,0.9950793173610464
2013-09-01,3Y,3,0.9915274564211364
2013-09-01,4Y,4,0.9866688814596195
2013-09-01,5Y,5,0.9800324658198275
2013-09-01,7Y,7,0.9605027666391169
2013-09-01,10Y,10,0.9164473440101789
2013-09-01,15Y,15,0.8149944025460323
2013-09-01,20Y,20,0.713361216194222
2013-09-01,25Y,25,0.6278480666996374
2013-09-01,30Y,30,0.55719498309734
2013-10-01,1Y,1,0.9980578123031069
2013-10-01,2Y,2,0.995887707211625
2013-10-01,3Y,3,0.9930854660092462
2013-10-01,4Y,4,0.9889644724305185
2013-10-01,5Y,5,0.9833198956846756
2013-10-01,7Y,7,0.9670834757854289
2013-10-01,10Y,10,0.9283235377056475
2013-10-01,15Y,15,0.829726527744784
2013-10-01,20Y,20,0.7305030962266877
2013-10-01,25Y,25,0.6461411421851055
2013-10-01,30Y,30,0.5770907718683098
2013-11-01,1Y,1,0.9981475746886013
2013-11-01,2Y,2,0.9961340950704081
2013-11-01,3Y,3,0.9934477069401708
2013-11-01,4Y,4,0.9894069817809452
2013-11-01,5Y,5,0.9835029990763011
2013-11-01,7Y,7,0.9654382620344911
2013-11-01,10Y,10,0.9243477920641998
2013-11-01,15Y,15,0.8249518554770909
2013-11-01,20Y,20,0.7229199326776118
2013-11-01,25Y,25,0.637224701778563
2013-11-01,30Y,30,0.5666185728680159
2013-12-01,1Y,1,0.9981176468477441
2013-12-01,2Y,2,0.995924855205237
2013-12-01,3Y,3,0.9927416815785715
2013-12-01,4Y,4,0.9878230471557529
2013-12-01,5Y,5,0.9805849219453763
2013-12-01,7Y,7,0.9584288321659221
2013-12-01,10Y,10,0.9110560861206108
2013-12-01,15Y,15,0.8073526008869022
2013-12-01,20Y,20,0.7047141612839344
2013-12-01,25Y,25,0.6178836234033963
2013-12-01,30Y,30,0.5465047049896282
2014-01-01,1Y,1,0.9981475746886013
2014-01-01,2Y,2,0.9961191404016354
2014-01-01,3Y,3,0.993417909827292
2014-01-01,4Y,4,0.989417124225037
2014-01-01,5Y,5,0.9835525782739166
2014-01-01,7Y,7,0.9648772647925181
2014-01-01,10Y,10,0.9210718329987118
2014-01-01,15Y,15,0.8214537562174264
2014-01-01,20Y,20,0.7215087836767883
2014-01-01,25Y,25,0.6357699463045268
2014-01-01,30Y,30,0.5651171245182283
2014-02-01,1Y,1,0.9981625130489501
2014-02-01,2Y,2,0.996141541950243
2014-02-01,3Y,3,0.9935472548336574
2014-02-01,4Y,4,0.9897420614411631
2014-02-01,5Y,5,0.9841109710307276
2014-02-01,7Y,7,0.9659680332310673
2014-02-01,10Y,10,0.9224484623836551
2014-02-01,15Y,15,0.8224563196132095
2014-02-01,20Y,20,0.7225816644932068
2014-02-01,25Y,25,0.6375750631320943
2014-02-01,30Y,30,0.5666935672327873
2014-03-01,1Y,1,0.9982473045821372
2014-03-01,2Y,2,0.9963107315322084
2014-03-01,3Y,3,0.9936410719015546
2014-03-01,4Y,4,0.989537170945869
2014-03-01,5Y,5,0.9834361028181591
2014-03-01,7Y,7,0.9641723760606408
2014-03-01,10Y,10,0.9200744175329479
2014-03-01,15Y,15,0.8189423593474168
2014-03-01,20Y,20,0.7175157061283602
2014-03-01,25Y,25,0.6310909556575913
2014-03-01,30Y,30,0.5590170651304389
2014-04-01,1Y,1,0.9982622517405131
2014-04-01,2Y,2,0.9962882607117437
2014-04-01,3Y,3,0.9935913673371224
2014-04-01,4Y,4,0.9895772489159167
2014-04-01,5Y,5,0.9837239524040781
2014-04-01,7Y,7,0.9654425604476609
2014-04-01,10Y,10,0.9234458511079857
2014-04-01,15Y,15,0.8244051060838329
2014-04-01,20Y,20,0.7238903077345878
2014-04-01,25Y,25,0.6376284015470498
2014-04-01,30Y,30,0.5654299416858649
2014-05-01,1Y,1,0.9982472825741656
2014-05-01,2Y,2,0.9962509288851004
2014-05-01,3Y,3,0.9936114736321705
2014-05-01,4Y,4,0.9898184738503452
2014-05-01,5Y,5,0.9843977871776477
2014-05-01,7Y,7,0.9675981773884315
2014-05-01,10Y,10,0.9277974914285018
2014-05-01,15Y,15,0.8312380389291293
2014-05-01,20Y,20,0.7309953881105143
2014-05-01,25Y,25,0.6446223328317532
2014-05-01,30Y,30,0.5720612061301901
2014-06-01,1Y,1,0.9984118841272053
2014-06-01,2Y,2,0.9966991556041455
2014-06-01,3Y,3,0.9945510495702667
2014-06-01,4Y,4,0.9913926678165278
2014-06-01,5Y,5,0.9865554370395646
2014-06-01,7Y,7,0.9704241305696023
2014-06-01,10Y,10,0.9312429327638774
2014-06-01,15Y,15,0.8359255192535727
2014-06-01,20Y,20,0.736263614538135
2014-06-01,25Y,25,0.6490916003721915
2014-06-01,30Y,30,0.5750660020366515
2014-07-01,1Y,1,0.9984268658691675
2014-07-01,2Y,2,0.9968113036963971
2014-07-01,3Y,3,0.9948396555748364
2014-07-01,4Y,4,0.991991183093996
2014-07-01,5Y,5,0.9877048248411103
2014-07-01,7Y,7,0.9731433565214366
2014-07-01,10Y,10,0.9361776983249871
2014-07-01,15Y,15,0.8420240739313305
2014-07-01,20Y,20,0.7434411581699313
2014-07-01,25Y,25,0.6566813327650076
2014-07-01,30Y,30,0.5825056354033393
2014-08-01,1Y,1,0.9983071496928723
2014-08-01,2Y,2,0.9965274261819456
2014-08-01,3Y,3,0.9943923329005281
2014-08-01,4Y,4,0.9914461101996734
2014-08-01,5Y,5,0.987242255649854
2014-08-01,7Y,7,0.9739472156969167
2014-08-01,10Y,10,0.9403270568051063
2014-08-01,15Y,15,0.8520512623514379
2014-08-01,20Y,20,0.754824097789004
2014-08-01,25Y,25,0.6684814904035865
2014-08-01,30Y,30,0.5947680569753525
2014-09-01,1Y,1,0.9984368227657442
2014-09-01,2Y,2,0.9967414752462178
2014-09-01,3Y,3,0.994600703109396
2014-09-01,4Y,4,0.9915143490154106
2014-09-01,5Y,5,0.9869771234953878
2014-09-01,7Y,7,0.9723194079651531
2014-09-01,10Y,10,0.9367463170570504
2014-09-01,15Y,15,0.8463581398903675
2014-09-01,20Y,20,0.7483856856450776
2014-09-01,25Y,25,0.6620736571035364
2014-09-01,30Y,30,0.5889216890907619
2014-10-01,1Y,1,0.9985615537083504
2014-10-01,2Y,2,0.9970503559762693
2014-10-01,3Y,3,0.9951926349616922
2014-10-01,4Y,4,0.9925170571490518
2014-10-01,5Y,5,0.9885014781199185
2014-10-01,7Y,7,0.9751874977988765
2014-10-01,10Y,10,0.9425095696834279
2014-10-01,15Y,15,0.8580778991989948
2014-10-01,20Y,20,0.7657277303155613
2014-10-01,25Y,25,0.6835797504970177
2014-10-01,30Y,30,0.6136978699222059
2014-11-01,1Y,1,0.9986962741216207
2014-11-01,2Y,2,0.9972819968453353
2014-11-01,3Y,3,0.995431110562478
2014-11-01,4Y,4,0.9926875024719388
2014-11-01,5Y,5,0.9886188833024265
2014-11-01,7Y,7,0.9755437307879669
2014-11-01,10Y,10,0.9437842706730886
2014-11-01,15Y,15,0.8613587279618141
2014-11-01,20Y,20,0.7713864504965682
2014-11-01,25Y,25,0.6916978143018335
2014-11-01,30Y,30,0.6242235186034374
2014-12-01,1Y,1,0.9987611522474263
2014-12-01,2Y,2,0.9974415088549009
2014-12-01,3Y,3,0.9957546999898851
2014-12-01,4Y,4,0.9932888750458404
2014-12-01,5Y,5,0.9897000461794905
2014-12-01,7Y,7,0.9783764072513622
2014-12-01,10Y,10,0.9504816975898427
2014-12-01,15Y,15,0.8750763004286017
2014-12-01,20Y,20,0.7933410735951073
2014-12-01,25Y,25,0.720361072833172
2014-12-01,30Y,30,0.6581425099688905
2015-01-01,1Y,1,0.998786111943883
2015-01-01,2Y,2,0.9975063166977064
2015-01-01,3Y,3,0.9958193278706119
2015-01-01,4Y,4,0.9932736020406769
2015-01-01,5Y,5,0.9896252636128748
2015-01-01,7Y,7,0.9789163120716764
2015-01-01,10Y,10,0.9537346460063115
2015-01-01,15Y,15,0.8845334622862199
2015-01-01,20Y,20,0.8046212788284862
2015-01-01,25Y,25,0.7317647652931303
2015-01-01,30Y,30,0.668623237811087
2015-02-01,1Y,1,0.9988060683005897
2015-02-01,2Y,2,0.9974414058897914
2015-02-01,3Y,3,0.9955701926097785
2015-02-01,4Y,4,0.9928759437909901
2015-02-01,5Y,5,0.9890999108394853
2015-02-01,7Y,7,0.9776858166538984
2015-02-01,10Y,10,0.9498769256892702
2015-02-01,15Y,15,0.8745498299448887
2015-02-01,20Y,20,0.7895525464588187
2015-02-01,25Y,25,0.712778985209938
2015-02-01,30Y,30,0.6465921671446874
2015-03-01,1Y,1,0.9985664906478673
2015-03-01,2Y,2,0.9968134648216637
2015-03-01,3Y,3,0.9944657920142218
2015-03-01,4Y,4,0.9910989409962168
2015-03-01,5Y,5,0.986402723160631
2015-03-01,7Y,7,0.9730275204925365
2015-03-01,10Y,10,0.9440890983900473
2015-03-01,15Y,15,0.8722906618804496
2015-03-01,20Y,20,0.7914888708027372
2015-03-01,25Y,25,0.7178270216638468
2015-03-01,30Y,30,0.6542684810945317
2015-04-01,1Y,1,0.9987012500822908
2015-04-01,2Y,2,0.9971123606090065
2015-04-01,3Y,3,0.9948284771849567
2015-04-01,4Y,4,0.991577134431967
2015-04-01,5Y,5,0.9871040491706282
2015-04-01,7Y,7,0.9739690790740347
2015-04-01,10Y,10,0.9449998470793931
2015-04-01,15Y,15,0.8720806079549533
2015-04-01,20Y,20,0.7903797000494673
2015-04-01,25Y,25,0.7162139607830587
2015-04-01,30Y,30,0.6523754782317219
2015-05-01,1Y,1,0.9986912695072379
2015-05-01,2Y,2,0.9972196588753622
2015-05-01,3Y,3,0.9952617854954428
2015-05-01,4Y,4,0.9922922222460926
2015-05-01,5Y,5,0.9879049893157742
2015-05-01,7Y,7,0.9745840898707749
2015-05-01,10Y,10,0.9438323130669799
2015-05-01,15Y,15,0.8652220041674882
2015-05-01,20Y,20,0.7781104574876302
2015-05-01,25Y,25,0.6994148398018667
2015-05-01,30Y,30,0.6314880730773743
2015-06-01,1Y,1,0.998636368210683
2015-06-01,2Y,2,0.9970127734995843
2015-06-01,3Y,3,0.9946942397636528
2015-06-01,4Y,4,0.9910999409536384
2015-06-01,5Y,5,0.9859144960731877
2015-06-01,7Y,7,0.9709246560681285
2015-06-01,10Y,10,0.9384637668394785
2015-06-01,15Y,15,0.8594083572526389
2015-06-01,20Y,20,0.7729396767714865
2015-06-01,25Y,25,0.69497570526569
2015-06-01,30Y,30,0.6277365065956777
2015-07-01,1Y,1,0.9987661255141758
2015-07-01,2Y,2,0.997331739767996
2015-07-01,3Y,3,0.9953511285469079
2015-07-01,4Y,4,0.9923464013856174
2015-07-01,5Y,5,0.9879986744452931
2015-07-01,7Y,7,0.9749127818940481
2015-07-01,10Y,10,0.94415424750837
2015-07-01,15Y,15,0.8661957438247859
2015-07-01,20Y,20,0.7802311058873802
2015-07-01,25Y,25,0.7025550164617922
2015-07-01,30Y,30,0.635419960389549
2015-08-01,1Y,1,0.998895916816854
2015-08-01,2Y,2,0.9976882387570827
2015-08-01,3Y,3,0.9959733574439517
2015-08-01,4Y,4,0.9932003929343236
2015-08-01,5Y,5,0.9890024958533908
2015-08-01,7Y,7,0.9760758241053767
2015-08-01,10Y,10,0.945519273892162
2015-08-01,15Y,15,0.868734714454515
2015-08-01,20Y,20,0.7834333201744269
2015-08-01,25Y,25,0.7058578491832175
2015-08-01,30Y,30,0.6383021755883396
2015-09-01,1Y,1,0.9990157378726049
2015-09-01,2Y,2,0.9979874860489366
2015-09-01,3Y,3,0.996521288501045
2015-09-01,4Y,4,0.9941003391830732
2015-09-01,5Y,5,0.9903511522704325
2015-09-01,7Y,7,0.9787012882423034
2015-09-01,10Y,10,0.9505021653520748
2015-09-01,15Y,15,0.8760966029842611
2015-09-01,20Y,20,0.7931413646233048
2015-09-01,25Y,25,0.7182781402417479
2015-09-01,30Y,30,0.6536903165146023
2015-10-01,1Y,1,0.9990956264814508
2015-10-01,2Y,2,0.9981096529851152
2015-10-01,3Y,3,0.9966756761216752
2015-10-01,4Y,4,0.9944237719149998
2015-10-01,5Y,5,0.9909519364285843
2015-10-01,7Y,7,0.9797607838098056
2015-10-01,10Y,10,0.9525125467469618
2015-10-01,15Y,15,0.8800147947584896
2015-10-01,20Y,20,0.798611472636949
2015-10-01,25Y,25,0.7247514993883534
2015-10-01,30Y,30,0.6607097513120329
2015-11-01,1Y,1,0.9991255833654837
2015-11-01,2Y,2,0.9982893511242257
2015-11-01,3Y,3,0.9972142423206887
2015-11-01,4Y,4,0.9953797381920452
2015-11-01,5Y,5,0.992367770285733
2015-11-01,7Y,7,0.9822545591471775
2015-11-01,10Y,10,0.9564941852087288
2015-11-01,15Y,15,0.88596284435261
2015-11-01,20Y,20,0.8059333262276058
2015-11-01,25Y,25,0.7332191333219699
2015-11-01,30Y,30,0.6700266159600856
2015-12-01,1Y,1,0.9990856346358056
2015-12-01,2Y,2,0.9981121745285568
2015-12-01,3Y,3,0.9968004194788828
2015-12-01,4Y,4,0.9947999368260082
2015-12-01,5Y,5,0.9918074355762075
2015-12-01,7Y,7,0.9823548156260375
2015-12-01,10Y,10,0.9586657983570985
2015-12-01,15Y,15,0.8920806952972258
2015-12-01,20Y,20,0.8151357274448547
2015-12-01,25Y,25,0.7451027271724217
2015-12-01,30Y,30,0.6844499920579279
2016-01-01,1Y,1,1.0001400102571711
2016-01-01,2Y,2,1.000475105065595
2016-01-01,3Y,3,1.000730273746984
2016-01-01,4Y,4,1.0003574969147913
2016-01-01,5Y,5,0.9989591752975355
2016-01-01,7Y,7,0.9925467451442616
2016-01-01,10Y,10,0.9736246917592498
2016-01-01,15Y,15,0.914081778435258
2016-01-01,20Y,20,0.8421938298131916
2016-01-01,25Y,25,0.7754004058820971
2016-01-01,30Y,30,0.7168545861571579
2016-02-01,1Y,1,1.0014463740723718
2016-02-01,2Y,2,1.0036172296812238
2016-02-01,3Y,3,1.0057429222631111
2016-02-01,4Y,4,1.0068773152470454
2016-02-01,5Y,5,1.0067400294885838
2016-02-01,7Y,7,1.002920507710775
2016-02-01,10Y,10,0.9888181486143047
2016-02-01,15Y,15,0.9411556210313177
2016-02-01,20Y,20,0.8808314311146298
2016-02-01,25Y,25,0.8241436302607942
2016-02-01,30Y,30,0.7744452216414169
2016-03-01,1Y,1,1.000910523956821
2016-03-01,2Y,2,1.002400598246075
2016-03-01,3Y,3,1.0038529649856618
2016-03-01,4Y,4,1.004461623476279
2016-03-01,5Y,5,1.0039007988344362
2016-03-01,7Y,7,0.9994460244928056
2016-03-01,10Y,10,0.986129708225999
2016-03-01,15Y,15,0.9489658042053363
2016-03-01,20Y,20,0.9066035352146734
2016-03-01,25Y,25,0.8679679763801145
2016-03-01,30Y,30,0.8343417266216183
2016-04-01,1Y,1,1.0009906370129986
2016-04-01,2Y,2,1.0025009445067319
2016-04-01,3Y,3,1.0038732748446944
2016-04-01,4Y,4,1.0043213303183076
2016-04-01,5Y,5,1.0036349265075453
2016-04-01,7Y,7,0.9992568938436351
2016-04-01,10Y,10,0.9873860775940498
2016-04-01,15Y,15,0.9503712233539519
2016-04-01,20Y,20,0.9069916033873697
2016-04-01,25Y,25,0.8651307685384964
2016-04-01,30Y,30,0.8285303935798708
2016-05-01,1Y,1,1.0011108149300323
2016-05-01,2Y,2,1.0027341725545538
2016-05-01,3Y,3,1.0042901065190162
2016-05-01,4Y,4,1.0050876321789683
2016-05-01,5Y,5,1.0048660261021591
2016-05-01,7Y,7,1.0015890868717525
2016-05-01,10Y,10,0.991326869488488
2016-05-01,15Y,15,0.9596730938911424
2016-05-01,20Y,20,0.9204964955732378
2016-05-01,25Y,25,0.8829543616712262
2016-05-01,30Y,30,0.8486574326523043
2016-06-01,1Y,1,1.0011508790452595
2016-06-01,2Y,2,1.0029872900760464
2016-06-01,3Y,3,1.0051686425202522
2016-06-01,4Y,4,1.00702551974648
2016-06-01,5Y,5,1.008277131841047
2016-06-01,7Y,7,1.0089156254498801
2016-06-01,10Y,10,1.0059089867708402
2016-06-01,15Y,15,0.9930505308827503
2016-06-01,20Y,20,0.9783446859824322
2016-06-01,25Y,25,0.9656478276439094
2016-06-01,30Y,30,0.9546555589024026
2016-07-01,1Y,1,1.0008404801708362
2016-07-01,2Y,2,1.0020949114409075
2016-07-01,3Y,3,1.003621726406777
2016-07-01,4Y,4,1.0050505138382897
2016-07-01,5Y,5,1.0060896435265838
2016-07-01,7Y,7,1.0064554881035248
2016-07-01,10Y,10,1.0015178220460026
2016-07-01,15Y,15,0.9817007324502673
2016-07-01,20Y,20,0.9585128766931336
2016-07-01,25Y,25,0.9393892463923911
2016-07-01,30Y,30,0.9234114776145936
2016-08-01,1Y,1,1.0007703968844366
2016-08-01,2Y,2,1.0019020104397303
2016-08-01,3Y,3,1.0030350044288112
2016-08-01,4Y,4,1.0037103660306625
2016-08-01,5Y,5,1.0037691015473997
2016-08-01,7Y,7,1.001747780882523
2016-08-01,10Y,10,0.9933570118934884
2016-08-01,15Y,15,0.964650030124796
2016-08-01,20Y,20,0.9305648846865532
2016-08-01,25Y,25,0.9002807480811919
2016-08-01,30Y,30,0.8740407789040707
2016-09-01,1Y,1,1.0008454613848061
2016-09-01,2Y,2,1.002165059949812
2016-09-01,3Y,3,1.00357675708228
2016-09-01,4Y,4,1.0046692561585928
2016-09-01,5Y,5,1.0052508746657525
2016-09-01,7Y,7,1.0042393973587167
2016-09-01,10Y,10,0.9961931127105641
2016-09-01,15Y,15,0.9666391553566628
2016-09-01,20Y,20,0.9320050466602392
2016-09-01,25Y,25,0.900618504465079
2016-09-01,30Y,30,0.8732969523359159
2016-10-01,1Y,1,1.000270043656966
2016-10-01,2Y,2,1.0007653030357473
2016-10-01,3Y,3,1.0013108777948414
2016-10-01,4Y,4,1.0016564833543011
2016-10-01,5Y,5,1.0016316604486915
2016-10-01,7Y,7,1.0000546632912093
2016-10-01,10Y,10,0.9920807587034302
2016-10-01,15Y,15,0.9610295045961453
2016-10-01,20Y,20,0.9219191739588586
2016-10-01,25Y,25,0.8850522164106849
2016-10-01,30Y,30,0.8519662989456843
2016-11-01,1Y,1,0.9998800078681672
2016-11-01,2Y,2,0.9995125918148708
2016-11-01,3Y,3,0.9988155344238535
2016-11-01,4Y,4,0.997801778235434
2016-11-01,5Y,5,0.9963846113171837
2016-11-01,7Y,7,0.9920360395618375
2016-11-01,10Y,10,0.9805567110434794
2016-11-01,15Y,15,0.9427026144627919
2016-11-01,20Y,20,0.8956006711702466
2016-11-01,25Y,25,0.8510887116457563
2016-11-01,30Y,30,0.8107869477191358
2016-12-01,1Y,1,0.9999450019968091
2016-12-01,2Y,2,0.9997400187038537
2016-12-01,3Y,3,0.9992051903075447
2016-12-01,4Y,4,0.9982584200419504
2016-12-01,5Y,5,0.9968030571631417
2016-12-01,7Y,7,0.9920347539852966
2016-12-01,10Y,10,0.9788475543288404
2016-12-01,15Y,15,0.9347956187423906
2016-12-01,20Y,20,0.8792384369324369
2016-12-01,25Y,25,0.8268833975157117
2016-12-01,30Y,30,0.7797743511385283
2017-01-01,1Y,1,0.9997150538782736
2017-01-01,2Y,2,0.9992353065204119
2017-01-01,3Y,3,0.9984560650319775
2017-01-01,4Y,4,0.9972055697348111
2017-01-01,5Y,5,0.9953728201997165
2017-01-01,7Y,7,0.9897701869871186
2017-01-01,10Y,10,0.9753698370199178
2017-01-01,15Y,15,0.9296350742418957
2017-01-01,20Y,20,0.8723520582154181
2017-01-01,25Y,25,0.8187715386434457
2017-01-01,30Y,30,0.7713983991358979
2017-02-01,1Y,1,0.9998550141050139
2017-02-01,2Y,2,0.9995900839380839
2017-02-01,3Y,3,0.9990553475776279
2017-02-01,4Y,4,0.998036282194855
2017-02-01,5Y,5,0.9964040631216495
2017-02-01,7Y,7,0.9911587088524328
2017-02-01,10Y,10,0.9770780032493259
2017-02-01,15Y,15,0.9298042433578642
2017-02-01,20Y,20,0.8728754240004758
2017-02-01,25Y,25,0.819654930396298
2017-02-01,30Y,30,0.7728294031714754
2017-03-01,1Y,1,0.999655085400001
2017-03-01,2Y,2,0.9991603873488369
2017-03-01,3Y,3,0.9983462580260917
2017-03-01,4Y,4,0.997046023626025
2017-03-01,5Y,5,0.995158726297066
2017-03-01,7Y,7,0.9894668355310752
2017-03-01,10Y,10,0.9745767049870152
2017-03-01,15Y,15,0.9288459702955394
2017-03-01,20Y,20,0.8733753745254998
2017-03-01,25Y,25,0.8215832551904149
2017-03-01,30Y,30,0.7758661444818755
2017-04-01,1Y,1,0.9998900090743346
2017-04-01,2Y,2,0.9997200403754923
2017-04-01,3Y,3,0.9993201700533942
2017-04-01,4Y,4,0.9985281958543828
2017-04-01,5Y,5,0.9972372973278448
2017-04-01,7Y,7,0.9927988513899065
2017-04-01,10Y,10,0.9796135728564177
2017-04-01,15Y,15,0.937384824740945
2017-04-01,20Y,20,0.8857535012348542
2017-04-01,25Y,25,0.8367373890011709
2017-04-01,30Y,30,0.792781156118477
2017-05-01,1Y,1,0.9997650371853315
2017-05-01,2Y,2,0.9993427174595805
2017-05-01,3Y,3,0.9986208256304732
2017-05-01,4Y,4,0.997499937386228
2017-05-01,5Y,5,0.9958562044692033
2017-05-01,7Y,7,0.9907186148790564
2017-05-01,10Y,10,0.9772859393485597
2017-05-01,15Y,15,0.9352414950905852
2017-05-01,20Y,20,0.882615379233174
2017-05-01,25Y,25,0.8317705107906949
2017-05-01,30Y,30,0.7860070508417992
2017-06-01,1Y,1,0.9997700343327995
2017-06-01,2Y,2,0.9992702432569103
2017-06-01,3Y,3,0.9983511057968699
2017-06-01,4Y,4,0.9969734810922726
2017-06-01,5Y,5,0.9950288718197158
2017-06-01,7Y,7,0.9890901000131915
2017-06-01,10Y,10,0.9747255631892415
2017-06-01,15Y,15,0.9317759275109189
2017-06-01,20Y,20,0.8783427353121366
2017-06-01,25Y,25,0.8262617221913683
2017-06-01,30Y,30,0.7788429777422617
2017-07-01,1Y,1,0.9998450128518737
2017-07-01,2Y,2,0.9993601569559198
2017-07-01,3Y,3,0.9983859514499579
2017-07-01,4Y,4,0.9968984186924578
2017-07-01,5Y,5,0.994864177836392
2017-07-01,7Y,7,0.9889501797863397
2017-07-01,10Y,10,0.9747134129728456
2017-07-01,15Y,15,0.9311207623899511
2017-07-01,20Y,20,0.8763542962707292
2017-07-01,25Y,25,0.822322994194184
2017-07-01,30Y,30,0.7723994591416024
2017-08-01,1Y,1,1.0000500025876335
2017-08-01,2Y,2,0.9998974918985882
2017-08-01,3Y,3,0.999415047718672
2017-08-01,4Y,4,0.9985255173348163
2017-08-01,5Y,5,0.9971721429289019
2017-08-01,7Y,7,0.9927398329198909
2017-08-01,10Y,10,0.9803073365046041
2017-08-01,15Y,15,0.9384241915474784
2017-08-01,20Y,20,0.8839757164755312
2017-08-01,25Y,25,0.8294161390582108
2017-08-01,30Y,30,0.7787232373979794
2017-09-01,1Y,1,0.9999300005121958
2017-09-01,2Y,2,0.9995375639717244
2017-09-01,3Y,3,0.9986855537886908
2017-09-01,4Y,4,0.9972923660490571
2017-09-01,5Y,5,0.9952771552187489
2017-09-01,7Y,7,0.9889720307238025
2017-09-01,10Y,10,0.9729898097408366
2017-09-01,15Y,15,0.9267504555732813
2017-09-01,20Y,20,0.8709379649992022
2017-09-01,25Y,25,0.8178333319499026
2017-09-01,30Y,30,0.7666082220529742
2017-10-01,1Y,1,0.9999100022246119
2017-10-01,2Y,2,0.9994675872369757
2017-10-01,3Y,3,0.9985257224119253
2017-10-01,4Y,4,0.9970653999900349
2017-10-01,5Y,5,0.9950332279938627
2017-10-01,7Y,7,0.98907429903527
2017-10-01,10Y,10,0.9746967452988132
2017-10-01,15Y,15,0.9281136500671147
2017-10-01,20Y,20,0.8679057088474881
2017-10-01,25Y,25,0.8131820646092248
2017-10-01,30Y,30,0.7628230609672952
2017-11-01,1Y,1,0.9998650090960446
2017-11-01,2Y,2,0.9993776351241642
2017-11-01,3Y,3,0.9984309090695863
2017-11-01,4Y,4,0.9970656168060424
2017-11-01,5Y,5,0.9951531919276697
2017-11-01,7Y,7,0.9893468020325002
2017-11-01,10Y,10,0.9747146615874596
2017-11-01,15Y,15,0.9284206183868298
2017-11-01,20Y,20,0.8688940676963592
2017-11-01,25Y,25,0.8154478096100797
2017-11-01,30Y,30,0.7663998029797058
2017-12-01,1Y,1,0.9997850269215539
2017-12-01,2Y,2,0.9992777370981774
2017-12-01,3Y,3,0.9983910596703751
2017-12-01,4Y,4,0.9970657808095227
2017-12-01,5Y,5,0.9951833521614506
2017-12-01,7Y,7,0.9884332241293737
2017-12-01,10Y,10,0.9746077214724467
2017-12-01,15Y,15,0.9277317591484501
2017-12-01,20Y,20,0.8679947535508555
2017-12-01,25Y,25,0.8172578588503414
2017-12-01,30Y,30,0.7706786331157003
2018-01-01,1Y,1,0.9997450378255046
2018-01-01,2Y,2,0.9990703633675113
2018-01-01,3Y,3,0.9978768199457961
2018-01-01,4Y,4,0.996238011289881
2018-01-01,5Y,5,0.9941729898094179
2018-01-01,7Y,7,0.987498622409067
2018-01-01,10Y,10,0.9716160898961117
2018-01-01,15Y,15,0.9262115864689678
2018-01-01,20Y,20,0.8706174062112957
2018-01-01,25Y,25,0.8154565792025368
2018-01-01,30Y,30,0.7644769872645646
2018-02-01,1Y,1,0.9997850236091597
2018-02-01,2Y,2,0.9991652896713995
2018-02-01,3Y,3,0.9981064498520139
2018-02-01,4Y,4,0.9966468606147707
2018-02-01,5Y,5,0.994645607631041
2018-02-01,7Y,7,0.9885949459857527
2018-02-01,10Y,10,0.9737048193441459
2018-02-01,15Y,15,0.9316211145751281
2018-02-01,20Y,20,0.8804928504135028
2018-02-01,25Y,25,0.8300322466860535
2018-02-01,30Y,30,0.7832377606808383
2018-03-01,1Y,1,0.9997400419435692
2018-03-01,2Y,2,0.9991878122076836
2018-03-01,3Y,3,0.9982163192941941
2018-03-01,4Y,4,0.9967940122001745
2018-03-01,5Y,5,0.9948797679043145
2018-03-01,7Y,7,0.9894935475086873
2018-03-01,10Y,10,0.9746459474828862
2018-03-01,15Y,15,0.9332286437095277
2018-03-01,20Y,20,0.8824374869804099
2018-03-01,25Y,25,0.8318095055377505
2018-03-01,30Y,30,0.7845943918192343
2018-04-01,1Y,1,0.9997750290523345
2018-04-01,2Y,2,0.9992502587150435
2018-04-01,3Y,3,0.9983661144926473
2018-04-01,4Y,4,0.9970583432775577
2018-04-01,5Y,5,0.9951983967796494
2018-04-01,7Y,7,0.989484347139069
2018-04-01,10Y,10,0.9750904354728827
2018-04-01,15Y,15,0.9338181110579703
2018-04-01,20Y,20,0.8828729004387554
2018-04-01,25Y,25,0.8320023658272845
2018-04-01,30Y,30,0.7845243177959335
2018-05-01,1Y,1,0.9997300465675517
2018-05-01,2Y,2,0.9991828211100947
2018-05-01,3Y,3,0.9982463071478954
2018-05-01,4Y,4,0.996878847575654
2018-05-01,5Y,5,0.9949743792965814
2018-05-01,7Y,7,0.9892449173569675
2018-05-01,10Y,10,0.9748108382366117
2018-05-01,15Y,15,0.9340511804172916
2018-05-01,20Y,20,0.8842079434864606
2018-05-01,25Y,25,0.834531686710363
2018-05-01,30Y,30,0.788164413041506
2018-06-01,1Y,1,0.9998350143141174
2018-06-01,2Y,2,0.9993626680115771
2018-06-01,3Y,3,0.9985108711644364
2018-06-01,4Y,4,0.9972627973828171
2018-06-01,5Y,5,0.9954722352923568
2018-06-01,7Y,7,0.9897843240726184
2018-06-01,10Y,10,0.97559348273855
2018-06-01,15Y,15,0.9354649437198121
2018-06-01,20Y,20,0.8862755890551931
2018-06-01,25Y,25,0.8368817824062587
2018-06-01,30Y,30,0.7905990777998694
2018-07-01,1Y,1,0.9997850269215539
2018-07-01,2Y,2,0.9992402501712269
2018-07-01,3Y,3,0.998256215955379
2018-07-01,4Y,4,0.9967713838212778
2018-07-01,5Y,5,0.9946101962035677
2018-07-01,7Y,7,0.987788851721618
2018-07-01,10Y,10,0.9709666234731231
2018-07-01,15Y,15,0.926395746981216
2018-07-01,20Y,20,0.8730782079180075
2018-07-01,25Y,25,0.8202863623781022
2018-07-01,30Y,30,0.7713695569489782
2018-08-01,1Y,1,0.9996950590612191
2018-08-01,2Y,2,0.9990454262507469
2018-08-01,3Y,3,0.9978968368810339
2018-08-01,4Y,4,0.9961531507376853
2018-08-01,5Y,5,0.9936744378936847
2018-08-01,7Y,7,0.9861239100649128
2018-08-01,10Y,10,0.9681308459685425
2018-08-01,15Y,15,0.9209105761939257
2018-08-01,20Y,20,0.8648963220550004
2018-08-01,25Y,25,0.8096195717528154
2018-08-01,30Y,30,0.7581867904686761
2018-09-01,1Y,1,0.9996850611261486
2018-09-01,2Y,2,0.9989504927007344
2018-09-01,3Y,3,0.9976372771998007
2018-09-01,4Y,4,0.9957045514670273
2018-09-01,5Y,5,0.9929878005829063
2018-09-01,7Y,7,0.9848176527784214
2018-09-01,10Y,10,0.9660501071812881
2018-09-01,15Y,15,0.9179722158702824
2018-09-01,20Y,20,0.8608692695410144
2018-09-01,25Y,25,0.8040120370646673
2018-09-01,30Y,30,0.7509291867665168
2018-10-01,1Y,1,0.9997850292744038
2018-10-01,2Y,2,0.9992252440825694
2018-10-01,3Y,3,0.9980963653693044
2018-10-01,4Y,4,0.9963847421168579
2018-10-01,5Y,5,0.9940025565541742
2018-10-01,7Y,7,0.9865941533959895
2018-10-01,10Y,10,0.9684833175297882
2018-10-01,15Y,15,0.9199138720799036
2018-10-01,20Y,20,0.8619395175695441
2018-10-01,25Y,25,0.8046724767450218
2018-10-01,30Y,30,0.7513994226804968
2018-11-01,1Y,1,0.9999899996624619
2018-11-01,2Y,2,0.9997625069590553
2018-11-01,3Y,3,0.9992051736637596
2018-11-01,4Y,4,0.9982333964021973
2018-11-01,5Y,5,0.9966781531870502
2018-11-01,7Y,7,0.9913104138723514
2018-11-01,10Y,10,0.9762048554017442
2018-11-01,15Y,15,0.9318920225752662
2018-11-01,20Y,20,0.8771565819741716
2018-11-01,25Y,25,0.8223535547186199
2018-11-01,30Y,30,0.7713894737967331
2018-12-01,1Y,1,1.000120010419552
2018-12-01,2Y,2,1.0001875241116882
2018-12-01,3Y,3,1.0001050092809345
2018-12-01,4Y,4,0.9998149615612135
2018-12-01,5Y,5,0.9991499505246244
2018-12-01,7Y,7,0.9956578543668972
2018-12-01,10Y,10,0.9831668757102155
2018-12-01,15Y,15,0.9442581265699287
2018-12-01,20Y,20,0.8957169090550989
2018-12-01,25Y,25,0.8470182537694305
2018-12-01,30Y,30,0.8013849729586149
2019-01-01,1Y,1,1.0002750536436609
2019-01-01,2Y,2,1.00062522694193
2019-01-01,3Y,3,1.0009555162941535
2019-01-01,4Y,4,1.0010606947407863
2019-01-01,5Y,5,1.0007254070639913
2019-01-01,7Y,7,0.9979236685253977
2019-01-01,10Y,10,0.9865052770233016
2019-01-01,15Y,15,0.9503471475062163
2019-01-01,20Y,20,0.9051851162278669
2019-01-01,25Y,25,0.8595491459321809
2019-01-01,30Y,30,0.8167249700940022
2019-02-01,1Y,1,1.0003200673066341
2019-02-01,2Y,2,1.0007678352571945
2019-02-01,3Y,3,1.0011457480153545
2019-02-01,4Y,4,1.0011683728730838
2019-02-01,5Y,5,1.0005201538869621
2019-02-01,7Y,7,0.9966287215236448
2019-02-01,10Y,10,0.983877029976614
2019-02-01,15Y,15,0.9468813014398854
2019-02-01,20Y,20,0.9019133681116753
2019-02-01,25Y,25,0.85738514702373
2019-02-01,30Y,30,0.8160075984517396
2019-03-01,1Y,1,1.0004551333735308
2019-03-01,2Y,2,1.0012408043208203
2019-03-01,3Y,3,1.0020772448325133
2019-03-01,4Y,4,1.0025035270470863
2019-03-01,5Y,5,1.0023787283700538
2019-03-01,7Y,7,0.9999692437921117
2019-03-01,10Y,10,0.9902680429530866
2019-03-01,15Y,15,0.9593197598561797
2019-03-01,20Y,20,0.9208115436428949
2019-03-01,25Y,25,0.8826040883091922
2019-03-01,30Y,30,0.8470859874115859
2019-04-01,1Y,1,1.0002800514086019
2019-04-01,2Y,2,1.00070277280633
2019-04-01,3Y,3,1.0011557100465358
2019-04-01,4Y,4,1.0013986051999102
2019-04-01,5Y,5,1.0011158586829483
2019-04-01,7Y,7,0.9983124031396239
2019-04-01,10Y,10,0.9880177214840336
2019-04-01,15Y,15,0.95541014724993
2019-04-01,20Y,20,0.914869637014989
2019-04-01,25Y,25,0.8743566118609772
2019-04-01,30Y,30,0.8362510283574157
2019-05-01,1Y,1,1.0004101069384452
2019-05-01,2Y,2,1.0011356683222465
2019-05-01,3Y,3,1.0019619595406883
2019-05-01,4Y,4,1.0024958551508933
2019-05-01,5Y,5,1.00254395447821
2019-05-01,7Y,7,1.0007807363339276
2019-05-01,10Y,10,0.9923634494860937
2019-05-01,15Y,15,0.9641160608680308
2019-05-01,20Y,20,0.9279751859079465
2019-05-01,25Y,25,0.8918468338975584
2019-05-01,30Y,30,0.8579866862933122
2019-06-01,1Y,1,1.001015715696125
2019-06-01,2Y,2,1.002370717896652
2019-06-01,3Y,3,1.0038880995327408
2019-06-01,4Y,4,1.0052446588896538
2019-06-01,5Y,5,1.0060857210483112
2019-06-01,7Y,7,1.0054729807512823
2019-06-01,10Y,10,0.9983046237970894
2019-06-01,15Y,15,0.9737688076792267
2019-06-01,20Y,20,0.9433338251358406
2019-06-01,25Y,25,0.9131115818710395
2019-06-01,30Y,30,0.8845295443768785
2019-07-01,1Y,1,1.000960645179139
2019-07-01,2Y,2,1.0022078156371121
2019-07-01,3Y,3,1.0035769288451108
2019-07-01,4Y,4,1.004802396126464
2019-07-01,5Y,5,1.0056377442849274
2019-07-01,7Y,7,1.0054969655486785
2019-07-01,10Y,10,0.9996833749355399
2019-07-01,15Y,15,0.9777332539242322
2019-07-01,20Y,20,0.9496709594240261
2019-07-01,25Y,25,0.9214160866472311
2019-07-01,30Y,30,0.8944683584606664
2019-08-01,1Y,1,1.0012410615789678
2019-08-01,2Y,2,1.002942409724335
2019-08-01,3Y,3,1.0048575598038756
2019-08-01,4Y,4,1.0066984216449573
2019-08-01,5Y,5,1.008331474725119
2019-08-01,7Y,7,1.0103518408004113
2019-08-01,10Y,10,1.0084513045123082
2019-08-01,15Y,15,0.9964691641899714
2019-08-01,20Y,20,0.981391070877286
2019-08-01,25Y,25,0.9663175704718993
2019-08-01,30Y,30,0.9513260752101358
2019-09-01,1Y,1,1.0014164096403793
2019-09-01,2Y,2,1.0032711485593007
2019-09-01,3Y,3,1.0053202746995527
2019-09-01,4Y,4,1.00705190560669
2019-09-01,5Y,5,1.0081626823865297
2019-09-01,7Y,7,1.0083924639081097
2019-09-01,10Y,10,1.0025856340621002
2019-09-01,15Y,15,0.9821142076409196
2019-09-01,20Y,20,0.9557823468514852
2019-09-01,25Y,25,0.9277662683515325
2019-09-01,30Y,30,0.8992483680758749
2019-10-01,1Y,1,1.001105868617933
2019-10-01,2Y,2,1.0026188584978266
2019-10-01,3Y,3,1.0042346981673422
2019-10-01,4Y,4,1.0053786217773637
2019-10-01,5Y,5,1.0060816765563623
2019-10-01,7Y,7,1.005940224041683
2019-10-01,10Y,10,1.000399812480088
2019-10-01,15Y,15,0.9823096346845501
2019-10-01,20Y,20,0.9598780027299415
2019-10-01,25Y,25,0.9361958098099348
2019-10-01,30Y,30,0.9124139739060182
2019-11-01,1Y,1,1.0004951668878859
2019-11-01,2Y,2,1.0013284152205246
2019-11-01,3Y,3,1.0021524432767828
2019-11-01,4Y,4,1.0024385128340925
2019-11-01,5Y,5,1.0023688290681365
2019-11-01,7Y,7,1.0009602269690543
2019-11-01,10Y,10,0.9939693950330392
2019-11-01,15Y,15,0.9726040460676206
2019-11-01,20Y,20,0.9461106246237573
2019-11-01,25Y,25,0.9182626067003049
2019-11-01,30Y,30,0.8905529540441919
2019-12-01,1Y,1,1.0000500018750624
2019-12-01,2Y,2,1.000212512369285
2019-12-01,3Y,3,1.000475090927512
2019-12-01,4Y,4,1.0005126303810141
2019-12-01,5Y,5,1.0001249589043022
2019-12-01,7Y,7,0.997858928569496
2019-12-01,10Y,10,0.9903907542377276
2019-12-01,15Y,15,0.9690895099274718
2019-12-01,20Y,20,0.9409591899887145
2019-12-01,25Y,25,0.9122115982707927
2019-12-01,30Y,30,0.8841137158038352
2020-01-01,1Y,1,1.0004451124176337
2020-01-01,2Y,2,1.001228301243595
2020-01-01,3Y,3,1.0020321575859694
2020-01-01,4Y,4,1.0027614640980902
2020-01-01,5Y,5,1.0033459950839894
2020-01-01,7Y,7,1.0033223663972743
2020-01-01,10Y,10,0.998816382111736
2020-01-01,15Y,15,0.9815621488410176
2020-01-01,20Y,20,0.9590588403365504
2020-01-01,25Y,25,0.9351309057462144
2020-01-01,30Y,30,0.9113663961992949
2020-02-01,1Y,1,1.0014013437520592
2020-02-01,2Y,2,1.0032485846766388
2020-02-01,3Y,3,1.0052097629979322
2020-02-01,4Y,4,1.0071520267304526
2020-02-01,5Y,5,1.00899754222555
2020-02-01,7Y,7,1.0116206337623017
2020-02-01,10Y,10,1.0108182835670816
2020-02-01,15Y,15,1.0016777179592389
2020-02-01,20Y,20,0.9881205480327622
2020-02-01,25Y,25,0.9734303548284684
2020-02-01,30Y,30,0.9585640403855652
2020-03-01,1Y,1,1.0004751577809794
2020-03-01,2Y,2,1.0011006965501994
2020-03-01,3Y,3,1.0019368957891313
2020-03-01,4Y,4,1.0028990807227471
2020-03-01,5Y,5,1.0036065768068851
2020-03-01,7Y,7,1.003588287901867
2020-03-01,10Y,10,0.9993910646942358
2020-03-01,15Y,15,0.9873511045249855
2020-03-01,20Y,20,0.9745027871606213
2020-03-01,25Y,25,0.9609571761252365
2020-03-01,30Y,30,0.9469193435044172
2020-04-01,1Y,1,1.0005552084327625
2020-04-01,2Y,2,1.0015086711085466
2020-04-01,3Y,3,1.0026735806671863
2020-04-01,4Y,4,1.0035816459056925
2020-04-01,5Y,5,1.004234700150247
2020-04-01,7Y,7,1.00445785574002
2020-04-01,10Y,10,1.0003329973004436
2020-04-01,15Y,15,0.9842023790826927
2020-04-01,20Y,20,0.9649328989412649
2020-04-01,25Y,25,0.9464995876344607
2020-04-01,30Y,30,0.928477015092472
2020-05-01,1Y,1,1.000435129947172
2020-05-01,2Y,2,1.0012082322945572
2020-05-01,3Y,3,1.0020521482457738
2020-05-01,4Y,4,1.002470916763187
2020-05-01,5Y,5,1.002644282912221
2020-05-01,7Y,7,1.0020135025585892
2020-05-01,10Y,10,0.99696194633659
2020-05-01,15Y,15,0.9797495535184684
2020-05-01,20Y,20,0.9591539388450907
2020-05-01,25Y,25,0.9386352863161469
2020-05-01,30Y,30,0.9186133259625208
2020-06-01,1Y,1,1.0003450854375067
2020-06-01,2Y,2,1.000892915845941
2020-06-01,3Y,3,1.0014110587104135
2020-06-01,4Y,4,1.00149888897441
2020-06-01,5Y,5,1.0013463627922572
2020-06-01,7Y,7,1.0000137607806607
2020-06-01,10Y,10,0.9938404811989304
2020-06-01,15Y,15,0.9739751013239359
2020-06-01,20Y,20,0.9495602159038361
2020-06-01,25Y,25,0.9250384217089651
2020-06-01,30Y,30,0.9015425862645684
2020-07-01,1Y,1,1.0005652277595392
2020-07-01,2Y,2,1.001235908935416
2020-07-01,3Y,3,1.0018870251948184
2020-07-01,4Y,4,1.0024283451197125
2020-07-01,5Y,5,1.0028146271472262
2020-07-01,7Y,7,1.0025699101649963
2020-07-01,10Y,10,0.9982763476622974
2020-07-01,15Y,15,0.9825338142099651
2020-07-01,20Y,20,0.9626863435959775
2020-07-01,25Y,25,0.9426644716960438
2020-07-01,30Y,30,0.9233842614193158
2020-08-01,1Y,1,1.0004601587486819
2020-08-01,2Y,2,1.000920529243438
2020-08-01,3Y,3,1.0013310599633354
2020-08-01,4Y,4,1.001566524185853
2020-08-01,5Y,5,1.0015266328788943
2020-08-01,7Y,7,1.0002400091154127
2020-08-01,10Y,10,0.9944257926514347
2020-08-01,15Y,15,0.9737932719493054
2020-08-01,20Y,20,0.9470334642949599
2020-08-01,25Y,25,0.9193034911425423
2020-08-01,30Y,30,0.8922217719244555
2020-09-01,1Y,1,1.000700363267228
2020-09-01,2Y,2,1.0014537910086077
2020-09-01,3Y,3,1.0022278349892488
2020-09-01,4Y,4,1.0028972525006146
2020-09-01,5Y,5,1.0033315102322817
2020-09-01,7Y,7,1.003042925995952
2020-09-01,10Y,10,0.9988097899806359
2020-09-01,15Y,15,0.980802991329967
2020-09-01,20Y,20,0.9554307007292696
2020-09-01,25Y,25,0.9273600566570658
2020-09-01,30Y,30,0.900017519588749
2020-10-01,1Y,1,1.0006653349219876
2020-10-01,2Y,2,1.001308579154083
2020-10-01,3Y,3,1.0018020081105243
2020-10-01,4Y,4,1.001990119738345
2020-10-01,5Y,5,1.001937778232441
2020-10-01,7Y,7,1.0007407730647833
2020-10-01,10Y,10,0.9946036094434114
2020-10-01,15Y,15,0.9724752508883655
2020-10-01,20Y,20,0.9434979150676099
2020-10-01,25Y,25,0.9132083942099759
2020-10-01,30Y,30,0.8832764652087414
2020-11-01,1Y,1,1.0006503170123684
2020-11-01,2Y,2,1.0013010569369531
2020-11-01,3Y,3,1.0018620877284259
2020-11-01,4Y,4,1.002198007506181
2020-11-01,5Y,5,1.0023085648229193
2020-11-01,7Y,7,1.0015383642641078
2020-11-01,10Y,10,0.9962355057669238
2020-11-01,15Y,15,0.9765468567129693
2020-11-01,20Y,20,0.9504558334314223
2020-11-01,25Y,25,0.922511658883822
2020-11-01,30Y,30,0.8942887290343893
2020-12-01,1Y,1,1.0006603268438075
2020-12-01,2Y,2,1.0012985646456132
2020-12-01,3Y,3,1.0018270388636392
2020-12-01,4Y,4,1.0021629311746794
2020-12-01,5Y,5,1.0022985202366042
2020-12-01,7Y,7,1.001453152159332
2020-12-01,10Y,10,0.995688582640224
2020-12-01,15Y,15,0.9733122149103648
2020-12-01,20Y,20,0.943265949334036
2020-12-01,25Y,25,0.911157116156494
2020-12-01,30Y,30,0.8787139930969619
2021-01-01,1Y,1,1.0007904781081114
2021-01-01,2Y,2,1.001626609710411
2021-01-01,3Y,3,1.002353276794307
2021-01-01,4Y,4,1.0025893283677276
2021-01-01,5Y,5,1.002459480905505
2021-01-01,7Y,7,1.0010956819754415
2021-01-01,10Y,10,0.994294485507812
2021-01-01,15Y,15,0.9679684495502539
2021-01-01,20Y,20,0.9326394755990123
2021-01-01,25Y,25,0.8959687306257548
2021-01-01,30Y,30,0.8601586075912112
2021-02-01,1Y,1,1.0005402302946687
2021-02-01,2Y,2,1.0009681225389624
2021-02-01,3Y,3,1.0009355919044953
2021-02-01,4Y,4,1.0000397514672004
2021-02-01,5Y,5,0.9985492776830206
2021-02-01,7Y,7,0.9939790325794342
2021-02-01,10Y,10,0.9822618152076877
2021-02-01,15Y,15,0.9493575056374239
2021-02-01,20Y,20,0.9097281523267304
2021-02-01,25Y,25,0.8697903271096652
2021-02-01,30Y,30,0.83139343595887
2021-03-01,1Y,1,1.0005252187540774
2021-03-01,2Y,2,1.0008405015240391
2021-03-01,3Y,3,1.0009156302376825
2021-03-01,4Y,4,1.0006729217856125
2021-03-01,5Y,5,0.9998747170465784
2021-03-01,7Y,7,0.9962791007505029
2021-03-01,10Y,10,0.9856595721848952
2021-03-01,15Y,15,0.9552530057173444
2021-03-01,20Y,20,0.918191093581917
2021-03-01,25Y,25,0.8800087469653948
2021-03-01,30Y,30,0.8427768590777023
2021-04-01,1Y,1,1.0005402334725824
2021-04-01,2Y,2,1.000900562744424
2021-04-01,3Y,3,1.001050783712539
2021-04-01,4Y,4,1.000848120809158
2021-04-01,5Y,5,1.0001649692241295
2021-04-01,7Y,7,0.9971333134178144
2021-04-01,10Y,10,0.9877391861083078
2021-04-01,15Y,15,0.9590371300898347
2021-04-01,20Y,20,0.9225916179672126
2021-04-01,25Y,25,0.8848246045587259
2021-04-01,30Y,30,0.8482248254251596
2021-05-01,1Y,1,1.0005252248471763
2021-05-01,2Y,2,1.0008254893311435
2021-05-01,3Y,3,1.0009556643458406
2021-05-01,4Y,4,1.000823073342901
2021-05-01,5Y,5,1.0002500542732768
2021-05-01,7Y,7,0.9975642098424428
2021-05-01,10Y,10,0.988827374407549
2021-05-01,15Y,15,0.961740214827262
2021-05-01,20Y,20,0.926387575639312
2021-05-01,25Y,25,0.8893285389343208
2021-05-01,30Y,30,0.8532307731396106
2021-06-01,1Y,1,1.0006403304548293
2021-06-01,2Y,2,1.0009807000708217
2021-06-01,3Y,3,1.0011209282894953
2021-06-01,4Y,4,1.0012111110705422
2021-06-01,5Y,5,1.0010709890021672
2021-06-01,7Y,7,0.9994132772278246
2021-06-01,10Y,10,0.9926233889477943
2021-06-01,15Y,15,0.9684079129851588
2021-06-01,20Y,20,0.9346359114765972
2021-06-01,25Y,25,0.8973551938225662
2021-06-01,30Y,30,0.8601419887058396
2021-07-01,1Y,1,1.0005152045476111
2021-07-01,2Y,2,1.0009631021745347
2021-07-01,3Y,3,1.0014011803142235
2021-07-01,4Y,4,1.0018494740875048
2021-07-01,5Y,5,1.0022278561047713
2021-07-01,7Y,7,1.0019588582968144
2021-07-01,10Y,10,0.9974362441786597
2021-07-01,15Y,15,0.9781678656944592
2021-07-01,20Y,20,0.9488020334612324
2021-07-01,25Y,25,0.9145821700491455
2021-07-01,30Y,30,0.8789599591832583
2021-08-01,1Y,1,1.0005352188892476
2021-08-01,2Y,2,1.0009581121260651
2021-08-01,3Y,3,1.0012810528093914
2021-08-01,4Y,4,1.0016166124706751
2021-08-01,5Y,5,1.0018521437354893
2021-08-01,7Y,7,1.0012424352975413
2021-08-01,10Y,10,0.9962234691884758
2021-08-01,15Y,15,0.9760359134722378
2021-08-01,20Y,20,0.9456513492433994
2021-08-01,25Y,25,0.9106710340856189
2021-08-01,30Y,30,0.8746232839559432
2021-09-01,1Y,1,1.0002050365186206
2021-09-01,2Y,2,1.0002375483376664
2021-09-01,3Y,3,1.0001600290251735
2021-09-01,4Y,4,0.9999774864318651
2021-09-01,5Y,5,0.9995349219760679
2021-09-01,7Y,7,0.9974258667782004
2021-09-01,10Y,10,0.9904459531010144
2021-09-01,15Y,15,0.9663385086366529
2021-09-01,20Y,20,0.9322488117331357
2021-09-01,25Y,25,0.8941753754342708
2021-09-01,30Y,30,0.8553480944994326
2021-10-01,1Y,1,1.0002050375628238
2021-10-01,2Y,2,1.0000574892820644
2021-10-01,3Y,3,0.9995699774392762
2021-10-01,4Y,4,0.9989752113398231
2021-10-01,5Y,5,0.9982208227357683
2021-10-01,7Y,7,0.9954846118642467
2021-10-01,10Y,10,0.9878611090400905
2021-10-01,15Y,15,0.9630099300191681
2021-10-01,20Y,20,0.9287487050433996
2021-10-01,25Y,25,0.8914467499062616
2021-10-01,30Y,30,0.8542848386351626
2021-11-01,1Y,1,1.0004251463520735
2021-11-01,2Y,2,1.0005727527960853
2021-11-01,3Y,3,1.0004802151397385
2021-11-01,4Y,4,1.0004677119836598
2021-11-01,5Y,5,1.0004551931135148
2021-11-01,7Y,7,0.9991185846468299
2021-11-01,10Y,10,0.9933389729104104
2021-11-01,15Y,15,0.9725682320703224
2021-11-01,20Y,20,0.9398728896414402
2021-11-01,25Y,25,0.9020021924600192
2021-11-01,30Y,30,0.8623416427099205
2021-12-01,1Y,1,1.0000750045565017
2021-12-01,2Y,2,1.000097507408154
2021-12-01,3Y,3,0.9999899926863275
2021-12-01,4Y,4,0.9996749835180643
2021-12-01,5Y,5,0.9990650803768132
2021-12-01,7Y,7,0.9965773612142541
2021-12-01,10Y,10,0.988644256761834
2021-12-01,15Y,15,0.9633514964996479
2021-12-01,20Y,20,0.9274477929749131
2021-12-01,25Y,25,0.8871150018687736
2021-12-01,30Y,30,0.8456790926789932
2022-01-01,1Y,1,0.9999899991373312
2022-01-01,2Y,2,0.9995300100924935
2022-01-01,3Y,3,0.9991301974590934
2022-01-01,4Y,4,0.99845509563072
2022-01-01,5Y,5,0.9962679737668385
2022-01-01,7Y,7,0.9911413014846983
2022-01-01,10Y,10,0.9862263429793973
2022-01-01,15Y,15,0.9522592962739795
2022-01-01,20Y,20,0.9211260177851395
2022-01-01,25Y,25,0.8754069749275352
2022-01-01,30Y,30,0.8291184843073371
2022-02-01,1Y,1,0.9998350064410705
2022-02-01,2Y,2,0.9991227737056779
2022-02-01,3Y,3,0.9979316674067951
2022-02-01,4Y,4,0.996424981158672
2022-02-01,5Y,5,0.9945464590811481
2022-02-01,7Y,7,0.9887049856567608
2022-02-01,10Y,10,0.9748924623872401
2022-02-01,15Y,15,0.9383369057249477
2022-02-01,20Y,20,0.8918548830302792
2022-02-01,25Y,25,0.843010321698862
2022-02-01,30Y,30,0.7952570673633798
2022-03-01,1Y,1,0.9996000983768017
2022-03-01,2Y,2,0.9988406794882704
2022-03-01,3Y,3,0.9976424607212949
2022-03-01,4Y,4,0.9958918669825896
2022-03-01,5Y,5,0.9934513100946655
2022-03-01,7Y,7,0.9864655307470359
2022-03-01,10Y,10,0.9712618327236963
2022-03-01,15Y,15,0.9349745540795542
2022-03-01,20Y,20,0.8896415893064678
2022-03-01,25Y,25,0.8429537212073638
2022-03-01,30Y,30,0.7975356957014911
2022-04-01,1Y,1,0.9995001349579525
2022-04-01,2Y,2,0.9982288953189231
2022-04-01,3Y,3,0.9962011351173532
2022-04-01,4Y,4,0.9935245551119699
2022-04-01,5Y,5,0.9899790458557276
2022-04-01,7Y,7,0.9798536185949315
2022-04-01,10Y,10,0.959018042304394
2022-04-01,15Y,15,0.9158569640474644
2022-04-01,20Y,20,0.8662027764520548
2022-04-01,25Y,25,0.816490103237395
2022-04-01,30Y,30,0.768671757119481
2022-05-01,1Y,1,0.9995700978108154
2022-05-01,2Y,2,0.998436069089248
2022-05-01,3Y,3,0.9965449341179771
2022-05-01,4Y,4,0.9939818966243558
2022-05-01,5Y,5,0.9909226510471968
2022-05-01,7Y,7,0.9811110956594602
2022-05-01,10Y,10,0.9610360236039032
2022-05-01,15Y,15,0.9158487897499986
2022-05-01,20Y,20,0.8602479304951214
2022-05-01,25Y,25,0.8047778972673555
2022-05-01,30Y,30,0.7534668464727688
2022-06-01,1Y,1,0.999250334813948
2022-06-01,2Y,2,0.9978274085394759
2022-06-01,3Y,3,0.9955186940012933
2022-06-01,4Y,4,0.9920702867018609
2022-06-01,5Y,5,0.9880624334461169
2022-06-01,7Y,7,0.9753765858074378
2022-06-01,10Y,10,0.9498362961497259
2022-06-01,15Y,15,0.8966099509297968
2022-06-01,20Y,20,0.8350438685534907
2022-06-01,25Y,25,0.7758370123811354
2022-06-01,30Y,30,0.7224873735849802
2022-07-01,1Y,1,0.9997400120687537
2022-07-01,2Y,2,0.9987306371687081
2022-07-01,3Y,3,0.9971932161104914
2022-07-01,4Y,4,0.9952715064350403
2022-07-01,5Y,5,0.992705509135566
2022-07-01,7Y,7,0.9845637488478566
2022-07-01,10Y,10,0.9650467984566511
2022-07-01,15Y,15,0.9127337648107774
2022-07-01,20Y,20,0.8497979918639896
2022-07-01,25Y,25,0.789425748925688
2022-07-01,30Y,30,0.7343122262897785
2022-08-01,1Y,1,0.9995650911094169
2022-08-01,2Y,2,0.9983361879552588
2022-08-01,3Y,3,0.9963605186471176
2022-08-01,4Y,4,0.9937681365384663
2022-08-01,5Y,5,0.9903310362287506
2022-08-01,7Y,7,0.9803223982790301
2022-08-01,10Y,10,0.9591532122743488
2022-08-01,15Y,15,0.9059087616041392
2022-08-01,20Y,20,0.8432006857782288
2022-08-01,25Y,25,0.7825705962872247
2022-08-01,30Y,30,0.7271203175420592
2022-09-01,1Y,1,0.9991005267238197
2022-09-01,2Y,2,0.9973409465061941
2022-09-01,3Y,3,0.9945183149162339
2022-09-01,4Y,4,0.9908205586569615
2022-09-01,5Y,5,0.985714711607878
2022-09-01,7Y,7,0.9717756844781685
2022-09-01,10Y,10,0.9474856121197212
2022-09-01,15Y,15,0.8885248915726983
2022-09-01,20Y,20,0.8213140164971677
2022-09-01,25Y,25,0.7575357353407622
2022-09-01,30Y,30,0.7003160347495319
2022-10-01,1Y,1,0.9993552098565474
2022-10-01,2Y,2,0.997587516016157
2022-10-01,3Y,3,0.9947365913860967
2022-10-01,4Y,4,0.9910475718759014
2022-10-01,5Y,5,0.9861990895390503
2022-10-01,7Y,7,0.9720645766451725
2022-10-01,10Y,10,0.9432666996535309
2022-10-01,15Y,15,0.8786878265669025
2022-10-01,20Y,20,0.8067926518875919
2022-10-01,25Y,25,0.7395334832311867
2022-10-01,30Y,30,0.6802377496180074
2022-11-01,1Y,1,0.99881085556172
2022-11-01,2Y,2,0.9963290140534196
2022-11-01,3Y,3,0.9926096312159364
2022-11-01,4Y,4,0.9879925127452889
2022-11-01,5Y,5,0.982216576962263
2022-11-01,7Y,7,0.966269119214665
2022-11-01,10Y,10,0.9352893578784524
2022-11-01,15Y,15,0.8708579257597924
2022-11-01,20Y,20,0.7991062457918194
2022-11-01,25Y,25,0.732487944225353
2022-11-01,30Y,30,0.6733460934807673
2022-12-01,1Y,1,0.9981618573736946
2022-12-01,2Y,2,0.9936906373375635
2022-12-01,3Y,3,0.9868208393096228
2022-12-01,4Y,4,0.9784238824491627
2022-12-01,5Y,5,0.9686991705800133
2022-12-01,7Y,7,0.9464800636469337
2022-12-01,10Y,10,0.9098895072539347
2022-12-01,15Y,15,0.841177086970118
2022-12-01,20Y,20,0.7711373225969447
2022-12-01,25Y,25,0.710027924706682
2022-12-01,30Y,30,0.6578919719706435
2023-01-01,1Y,1,0.9982719081325252
2023-01-01,2Y,2,0.9949102814267615
2023-01-01,3Y,3,0.9897226692390332
2023-01-01,4Y,4,0.9829865504608528
2023-01-01,5Y,5,0.9744383044851905
2023-01-01,7Y,7,0.9518957041192595
2023-01-01,10Y,10,0.911436868737035
2023-01-01,15Y,15,0.8383351536881087
2023-01-01,20Y,20,0.7637159993172711
2023-01-01,25Y,25,0.7027554933283904
2023-01-01,30Y,30,0.6530449666300735
2023-02-01,1Y,1,0.9982370027361482
2023-02-01,2Y,2,0.9952967786634638
2023-02-01,3Y,3,0.9911424118899475
2023-02-01,4Y,4,0.9853633470026802
2023-02-01,5Y,5,0.977555883512827
2023-02-01,7Y,7,0.954138135936348
2023-02-01,10Y,10,0.9175940321450976
2023-02-01,15Y,15,0.8502503913497356
2023-02-01,20Y,20,0.7855885121646677
2023-02-01,25Y,25,0.7324220122553516
2023-02-01,30Y,30,0.6912477860626729
2023-03-01,1Y,1,0.9987010941538269
2023-03-01,2Y,2,0.9963193616617638
2023-03-01,3Y,3,0.9927492165496942
2023-03-01,4Y,4,0.9880615977752544
2023-03-01,5Y,5,0.9819385204697795
2023-03-01,7Y,7,0.9652122898518972
2023-03-01,10Y,10,0.9335658135025608
2023-03-01,15Y,15,0.8738427709309904
2023-03-01,20Y,20,0.811864010666215
2023-03-01,25Y,25,0.7590181029847135
2023-03-01,30Y,30,0.71470559691028
2023-04-01,1Y,1,0.9991204861474228
2023-04-01,2Y,2,0.9973359369930105
2023-04-01,3Y,3,0.9944484776398128
2023-04-01,4Y,4,0.990439920690757
2023-04-01,5Y,5,0.9850168708232363
2023-04-01,7Y,7,0.9693319774914809
2023-04-01,10Y,10,0.9392393303340681
2023-04-01,15Y,15,0.8808021137349137
2023-04-01,20Y,20,0.820602626425235
2023-04-01,25Y,25,0.7687503736831452
2023-04-01,30Y,30,0.7251098948302389
2023-05-01,1Y,1,0.9994101406842582
2023-05-01,2Y,2,0.9974575909257253
2023-05-01,3Y,3,0.9941635751991325
2023-05-01,4Y,4,0.9897036338629774
2023-05-01,5Y,5,0.9837738318513622
2023-05-01,7Y,7,0.9669336088660365
2023-05-01,10Y,10,0.9345584732870252
2023-05-01,15Y,15,0.874147283402487
2023-05-01,20Y,20,0.8117649304265213
2023-05-01,25Y,25,0.7577902180665547
2023-05-01,30Y,30,0.7123143451262262
2023-06-01,1Y,1,0.9993901903362499
2023-06-01,2Y,2,0.9976722890821563
2023-06-01,3Y,3,0.9947611744993967
2023-06-01,4Y,4,0.9908331388546053
2023-06-01,5Y,5,0.9855785555367769
2023-06-01,7Y,7,0.9700833966231711
2023-06-01,10Y,10,0.9388699302188458
2023-06-01,15Y,15,0.879268278610878
2023-06-01,20Y,20,0.8177188875376351
2023-06-01,25Y,25,0.7642398523560398
2023-06-01,30Y,30,0.7189215780581341
2023-07-01,1Y,1,0.9993302189728845
2023-07-01,2Y,2,0.9972380341340511
2023-07-01,3Y,3,0.9934366834614546
2023-07-01,4Y,4,0.9880587910221604
2023-07-01,5Y,5,0.9808989460644121
2023-07-01,7Y,7,0.9610176405986248
2023-07-01,10Y,10,0.9233198688101462
2023-07-01,15Y,15,0.8514408067722264
2023-07-01,20Y,20,0.7803696631369742
2023-07-01,25Y,25,0.7200109291302315
2023-07-01,30Y,30,0.6696837733732173
2023-08-01,1Y,1,0.9991653076859371
2023-08-01,2Y,2,0.9962652625240169
2023-08-01,3Y,3,0.9911256330810901
2023-08-01,4Y,4,0.9844767190497699
2023-08-01,5Y,5,0.9763469100870473
2023-08-01,7Y,7,0.9549194298657981
2023-08-01,10Y,10,0.9145401837664373
2023-08-01,15Y,15,0.8368892044085798
2023-08-01,20Y,20,0.7589606598453514
2023-08-01,25Y,25,0.6922079998330434
2023-08-01,30Y,30,0.6364919742557454
2023-09-01,1Y,1,0.9983116463499329
2023-09-01,2Y,2,0.9943022652870549
2023-09-01,3Y,3,0.9877787563468473
2023-09-01,4Y,4,0.9794335861461959
2023-09-01,5Y,5,0.9695310611906178
2023-09-01,7Y,7,0.9453034527897024
2023-09-01,10Y,10,0.9021281058417697
2023-09-01,15Y,15,0.8213855205801264
2023-09-01,20Y,20,0.7411081829640316
2023-09-01,25Y,25,0.6732261560075964
2023-09-01,30Y,30,0.6170214028366027
2023-10-01,1Y,1,0.998151881700476
2023-10-01,2Y,2,0.9932745158233953
2023-10-01,3Y,3,0.9852611901025575
2023-10-01,4Y,4,0.9753528651997623
2023-10-01,5Y,5,0.9638061598773892
2023-10-01,7Y,7,0.9355243824508851
2023-10-01,10Y,10,0.8861198393766119
2023-10-01,15Y,15,0.7962078580117472
2023-10-01,20Y,20,0.7065427818975999
2023-10-01,25Y,25,0.6336352146073919
2023-10-01,30Y,30,0.573626621595533
2023-11-01,1Y,1,0.9981820402110159
2023-11-01,2Y,2,0.994425011712476
2023-11-01,3Y,3,0.9885382705869187
2023-11-01,4Y,4,0.9809295720912219
2023-11-01,5Y,5,0.9717214915316511
2023-11-01,7Y,7,0.9487707594861456
2023-11-01,10Y,10,0.9064732152381146
2023-11-01,15Y,15,0.825628878835233
2023-11-01,20Y,20,0.7446102349857056
2023-11-01,25Y,25,0.6749179911680825
2023-11-01,30Y,30,0.6162892927912401
2023-12-01,1Y,1,0.9983017878579926
2023-12-01,2Y,2,0.9948952803147485
2023-12-01,3Y,3,0.9897127498932723
2023-12-01,4Y,4,0.9830311263677954
2023-12-01,5Y,5,0.9747198395496389
2023-12-01,7Y,7,0.9532995978688242
2023-12-01,10Y,10,0.9143574910254987
2023-12-01,15Y,15,0.8388942309232359
2023-12-01,20Y,20,0.7603126108394214
2023-12-01,25Y,25,0.692616635170641
2023-12-01,30Y,30,0.6359046731496755
2024-01-01,1Y,1,0.9979527344960665
2024-01-01,2Y,2,0.9942593156928559
2024-01-01,3Y,3,0.988664136449128
2024-01-01,4Y,4,0.9813461559611175
2024-01-01,5Y,5,0.9723259617135096
2024-01-01,7Y,7,0.949447895697349
2024-01-01,10Y,10,0.9074270494149963
2024-01-01,15Y,15,0.8263693467097561
2024-01-01,20Y,20,0.7437522771848947
2024-01-01,25Y,25,0.6714713684191663
2024-01-01,30Y,30,0.610322007637785
2024-02-01,1Y,1,0.9976038419399663
2024-02-01,2Y,2,0.9936015420807826
2024-02-01,3Y,3,0.9878603710263715
2024-02-01,4Y,4,0.9807085004724281
2024-02-01,5Y,5,0.9721440710472196
2024-02-01,7Y,7,0.9508938694497084
2024-02-01,10Y,10,0.9120389529045909
2024-02-01,15Y,15,0.8359084553666232
2024-02-01,20Y,20,0.7570770329708885
2024-02-01,25Y,25,0.6866578126541405
2024-02-01,30Y,30,0.6258826329742393
2024-03-01,1Y,1,0.9975739696823117
2024-03-01,2Y,2,0.9934672368078578
2024-03-01,3Y,3,0.9876035071694313
2024-03-01,4Y,4,0.9806892001886993
2024-03-01,5Y,5,0.9733597137244513
2024-03-01,7Y,7,0.9540342499037926
2024-03-01,10Y,10,0.9174643073487205
2024-03-01,15Y,15,0.840423949394136
2024-03-01,20Y,20,0.7594918717866207
2024-03-01,25Y,25,0.6880232567397129
2024-03-01,30Y,30,0.6259963768406748
2024-04-01,1Y,1,0.9967073441940401
2024-04-01,2Y,2,0.9915933957129962
2024-04-01,3Y,3,0.9848348612314035
2024-04-01,4Y,4,0.9769411074736928
2024-04-01,5Y,5,0.9677443883403252
2024-04-01,7Y,7,0.9446918322099566
2024-04-01,10Y,10,0.9019987931626624
2024-04-01,15Y,15,0.8184488874405024
2024-04-01,20Y,20,0.7317383680501665
2024-04-01,25Y,25,0.6548143171346827
2024-04-01,30Y,30,0.5890134693136646
2024-05-01,1Y,1,0.9957922013024888
2024-05-01,2Y,2,0.9895503237510993
2024-05-01,3Y,3,0.9814546699394994
2024-05-01,4Y,4,0.9722109889070906
2024-05-01,5Y,5,0.9618497689034629
2024-05-01,7Y,7,0.9370724079230776
2024-05-01,10Y,10,0.891732776592035
2024-05-01,15Y,15,0.8049077149746635
2024-05-01,20Y,20,0.7158959555167194
2024-05-01,25Y,25,0.6369790462381265
2024-05-01,30Y,30,0.5692637184824128
2024-06-01,1Y,1,0.9963091810443407
2024-06-01,2Y,2,0.9905261709098437
2024-06-01,3Y,3,0.9829208260669583
2024-06-01,4Y,4,0.9741626098868567
2024-06-01,5Y,5,0.9642416828053336
2024-06-01,7Y,7,0.9402237280354669
2024-06-01,10Y,10,0.8964097254155722
2024-06-01,15Y,15,0.8120920090086422
2024-06-01,20Y,20,0.7250715473074062
2024-06-01,25Y,25,0.6477304431767547
2024-06-01,30Y,30,0.5814757616500241
2024-07-01,1Y,1,0.995052309717675
2024-07-01,2Y,2,0.9884292819702861
2024-07-01,3Y,3,0.9804033569636088
2024-07-01,4Y,4,0.9716912945679275
2024-07-01,5Y,5,0.9622931605048259
2024-07-01,7Y,7,0.9403455853939003
2024-07-01,10Y,10,0.90002836890229
2024-07-01,15Y,15,0.8198005980787033
2024-07-01,20Y,20,0.7362388079335394
2024-07-01,25Y,25,0.6611531327991247
2024-07-01,30Y,30,0.5965801644942456
2024-08-01,1Y,1,0.9957627772722546
2024-08-01,2Y,2,0.9902500008437427
2024-08-01,3Y,3,0.9836327716760515
2024-08-01,4Y,4,0.9762938852363194
2024-08-01,5Y,5,0.9681313640248548
2024-08-01,7Y,7,0.9481806431207099
2024-08-01,10Y,10,0.9093112734471671
2024-08-01,15Y,15,0.8300434655655616
2024-08-01,20Y,20,0.745077441511629
2024-08-01,25Y,25,0.6682329941328903
2024-08-01,30Y,30,0.6021886349170329
2024-09-01,1Y,1,0.9955839716613064
2024-09-01,2Y,2,0.9900133244875425
2024-09-01,3Y,3,0.9834575783664057
2024-09-01,4Y,4,0.9762756139336304
2024-09-01,5Y,5,0.9683560801414164
2024-09-01,7Y,7,0.9493791284266396
2024-09-01,10Y,10,0.9119868949228805
2024-09-01,15Y,15,0.8325179475073156
2024-09-01,20Y,20,0.7463227014597371
2024-09-01,25Y,25,0.6681676368429028
2024-09-01,30Y,30,0.6007391410730827
2024-10-01,1Y,1,0.9948938461042821
2024-10-01,2Y,2,0.9886635257409273
2024-10-01,3Y,3,0.9814478727675536
2024-10-01,4Y,4,0.9735477796568524
2024-10-01,5Y,5,0.9648400815196317
2024-10-01,7Y,7,0.9442416527486069
2024-10-01,10Y,10,0.904403380815795
2024-10-01,15Y,15,0.8193923223270846
2024-10-01,20Y,20,0.7276607144456417
2024-10-01,25Y,25,0.6441800367784114
2024-10-01,30Y,30,0.5719706612689536
2024-11-01,1Y,1,0.9937037511517512
2024-11-01,2Y,2,0.9861740388382731
2024-11-01,3Y,3,0.9777298738739179
2024-11-01,4Y,4,0.9688484346609203
2024-11-01,5Y,5,0.9594187025108241
2024-11-01,7Y,7,0.9379746350734238
2024-11-01,10Y,10,0.8975376546772406
2024-11-01,15Y,15,0.810371256670901
2024-11-01,20Y,20,0.717228952310194
2024-11-01,25Y,25,0.6333585755745308
2024-11-01,30Y,30,0.5610292391846607
2024-12-01,1Y,1,0.9939314849041664
2024-12-01,2Y,2,0.9863891076423311
2024-12-01,3Y,3,0.97776554313814
2024-12-01,4Y,4,0.9686879133739494
2024-12-01,5Y,5,0.9590165755416367
2024-12-01,7Y,7,0.9367827829539483
2024-12-01,10Y,10,0.8954084511946492
2024-12-01,15Y,15,0.8073696470128782
2024-12-01,20Y,20,0.7121577257134306
2024-12-01,25Y,25,0.625728228944079
2024-12-01,30Y,30,0.550829013715162
2025-01-01,1Y,1,0.9927778071761527
2025-01-01,2Y,2,0.9840563075369244
2025-01-01,3Y,3,0.9742571752296016
2025-01-01,4Y,4,0.9640179666217016
2025-01-01,5Y,5,0.9531918385743166
2025-01-01,7Y,7,0.9291005297753643
2025-01-01,10Y,10,0.8862465949114947
2025-01-01,15Y,15,0.8003792036355095
2025-01-01,20Y,20,0.7097967243944668
2025-01-01,25Y,25,0.6275597920045114
2025-01-01,30Y,30,0.5562879050049188
2025-02-01,1Y,1,0.9923176882347278
2025-02-01,2Y,2,0.9829673702551852
2025-02-01,3Y,3,0.9723863641529972
2025-02-01,4Y,4,0.9612828180252526
2025-02-01,5Y,5,0.9496081080427552
2025-02-01,7Y,7,0.9237793896452778
2025-02-01,10Y,10,0.8784981001601724
2025-02-01,15Y,15,0.7890068955741814
2025-02-01,20Y,20,0.6975003085612799
2025-02-01,25Y,25,0.6150835054344416
2025-02-01,30Y,30,0.5438396559508532
2025-03-01,1Y,1,0.9919914870173142
2025-03-01,2Y,2,0.9822694516916592
2025-03-01,3Y,3,0.9711882818667128
2025-03-01,4Y,4,0.9595043711833419
2025-03-01,5Y,5,0.9472880294622839
2025-03-01,7Y,7,0.920473316817661
2025-03-01,10Y,10,0.8732543872511332
2025-03-01,15Y,15,0.7806578577589371
2025-03-01,20Y,20,0.6874485555920108
2025-03-01,25Y,25,0.6052140964691868
2025-03-01,30Y,30,0.5350549469767659
2025-04-01,1Y,1,0.9934863022161837
2025-04-01,2Y,2,0.986238053707612
2025-04-01,3Y,3,0.9782863875690287
2025-04-01,4Y,4,0.9696765082207582
2025-04-01,5Y,5,0.9602602377072909
2025-04-01,7Y,7,0.9384547691589863
2025-04-01,10Y,10,0.8964019169437231
2025-04-01,15Y,15,0.8033606006469519
2025-04-01,20Y,20,0.7050085868846626
2025-04-01,25Y,25,0.6167050046645542
2025-04-01,30Y,30,0.5412196632746105
2025-05-01,1Y,1,0.9926393777101268
2025-05-01,2Y,2,0.9838039091146449
2025-05-01,3Y,3,0.9737164643271315
2025-05-01,4Y,4,0.9628591771459437
2025-05-01,5Y,5,0.9511381509565211
2025-05-01,7Y,7,0.9245548682140294
2025-05-01,10Y,10,0.875215783662043
2025-05-01,15Y,15,0.7716047567674135
2025-05-01,20Y,20,0.6647136573609168
2025-05-01,25Y,25,0.5704157261608876
2025-05-01,30Y,30,0.49066507721165337
2025-06-01,1Y,1,0.9927037595515174
2025-06-01,2Y,2,0.9840127626029596
2025-06-01,3Y,3,0.9741255204070025
2025-06-01,4Y,4,0.9635594178081079
2025-06-01,5Y,5,0.9522678774189786
2025-06-01,7Y,7,0.9264564818233165
2025-06-01,10Y,10,0.8781214702877854
2025-06-01,15Y,15,0.7729274887658452
2025-06-01,20Y,20,0.6631182091612281
2025-06-01,25Y,25,0.5656509231384185
2025-06-01,30Y,30,0.4834794405479554
2025-07-01,1Y,1,0.9920113552742741
2025-07-01,2Y,2,0.982397268100055
2025-07-01,3Y,3,0.9713820640790235
2025-07-01,4Y,4,0.959490250876783
2025-07-01,5Y,5,0.946771804330907
2025-07-01,7Y,7,0.9181793155361259
2025-07-01,10Y,10,0.866086571798519
2025-07-01,15Y,15,0.754649908169767
2025-07-01,20Y,20,0.6392232507706112
2025-07-01,25Y,25,0.5377090618902738
2025-07-01,30Y,30,0.4530935470352586
2025-08-01,1Y,1,0.991571548379585
2025-08-01,2Y,2,0.9813420946327339
2025-08-01,3Y,3,0.9696191985567723
2025-08-01,4Y,4,0.9571226581350433
2025-08-01,5Y,5,0.9438548118107194
2025-08-01,7Y,7,0.9140975377572798
2025-08-01,10Y,10,0.8602640019881282
2025-08-01,15Y,15,0.7467055073993493
2025-08-01,20Y,20,0.6290664233796002
2025-08-01,25Y,25,0.5254712602375188
2025-08-01,30Y,30,0.4398922455269877
2025-09-01,1Y,1,0.9907570662100883
2025-09-01,2Y,2,0.9795687862086004
2025-09-01,3Y,3,0.966804975133888
2025-09-01,4Y,4,0.9533616592914143
2025-09-01,5Y,5,0.9393148933264033
2025-09-01,7Y,7,0.9085164943262388
2025-09-01,10Y,10,0.8547470486379819
2025-09-01,15Y,15,0.7450519218886749
2025-09-01,20Y,20,0.6311112448988063
2025-09-01,25Y,25,0.5303387505983003
2025-09-01,30Y,30,0.44667437776183955
2025-10-01,1Y,1,0.9911271234892045
2025-10-01,2Y,2,0.9802857560644386
2025-10-01,3Y,3,0.9676835559216209
2025-10-01,4Y,4,0.9542086155524678
2025-10-01,5Y,5,0.9401299930811541
2025-10-01,7Y,7,0.9091273426178658
2025-10-01,10Y,10,0.8552016694267962
2025-10-01,15Y,15,0.7436874515552568
2025-10-01,20Y,20,0.6291914333356712
2025-10-01,25Y,25,0.5284293209468024
2025-10-01,30Y,30,0.44444124765222853
2025-11-01,1Y,1,0.9907667518195682
2025-11-01,2Y,2,0.9792783812920807
2025-11-01,3Y,3,0.9657160922122152
2025-11-01,4Y,4,0.9510543315122959
2025-11-01,5Y,5,0.9355277613271246
2025-11-01,7Y,7,0.9017261090878338
2025-11-01,10Y,10,0.8433235230128661
2025-11-01,15Y,15,0.7244371733002778
2025-11-01,20Y,20,0.6029624973047972
2025-11-01,25Y,25,0.49771722945237173
2025-11-01,30Y,30,0.41215594060284017
2025-12-01,1Y,1,0.9891201833323559
2025-12-01,2Y,2,0.9753231358291077
2025-12-01,3Y,3,0.9591178016023362
2025-12-01,4Y,4,0.941819707872306
2025-12-01,5Y,5,0.9238114878991751
2025-12-01,7Y,7,0.885367456407425
2025-12-01,10Y,10,0.8206387771379882
2025-12-01,15Y,15,0.6984175974312914
2025-12-01,20Y,20,0.5800083203774524
2025-12-01,25Y,25,0.478057828430012
2025-12-01,30Y,30,0.39454361380617564
2026-01-01,1Y,1,0.9883337786687787
2026-01-01,2Y,2,0.9740068988532401
2026-01-01,3Y,3,0.9573776963647286
2026-01-01,4Y,4,0.9395365863745214
2026-01-01,5Y,5,0.9207371226655258
2026-01-01,7Y,7,0.8802664875505452
2026-01-01,10Y,10,0.812424275272914
2026-01-01,15Y,15,0.6862460169112111
2026-01-01,20Y,20,0.5657613348569992
2026-01-01,25Y,25,0.4639018558548065
2026-01-01,30Y,30,0.3816039329767491
2026-02-01,1Y,1,0.9883982121148652
2026-02-01,2Y,2,0.9744557886556768
2026-02-01,3Y,3,0.9582743163293795
2026-02-01,4Y,4,0.9409416431986484
2026-02-01,5Y,5,0.9230194343756366
2026-02-01,7Y,7,0.8843897050538864
2026-02-01,10Y,10,0.8188874879592978
2026-02-01,15Y,15,0.700013218720649
2026-02-01,20Y,20,0.5857998292009735
2026-02-01,25Y,25,0.4899169586415863
2026-02-01,30Y,30,0.41199677377051036
